Time,V1,V2,V3,V4,V5,V6,V7,V8,V9,V10,V11,V12,V13,V14,V15,V16,V17,V18,V19,V20,V21,V22,V23,V24,V25,V26,V27,V28,Amount,Class
0.0,-1.36,-0.073,2.536,1.378,-0.338,0.462,0.24,0.099,0.364,0.091,-0.552,-0.618,-0.991,-0.311,1.468,-0.47,0.208,0.026,0.404,0.251,-0.018,0.278,-0.11,0.067,0.129,-0.189,0.134,-0.021,149.62,0
0.0,1.192,0.266,0.166,0.448,0.06,-0.082,-0.079,0.085,-0.255,-0.167,1.613,1.065,0.489,-0.144,0.636,0.464,-0.115,-0.183,-0.146,-0.069,-0.226,-0.639,0.101,-0.34,0.167,0.126,-0.009,0.015,2.69,0
1.0,-1.358,-1.34,1.773,0.38,-0.503,1.8,0.791,0.248,-1.515,0.208,0.625,0.066,0.717,-0.166,2.346,-2.89,1.11,-0.121,-2.262,0.525,0.248,0.772,0.909,-0.689,-0.328,-0.139,-0.055,-0.06,378.66,0
1.0,-0.966,-0.185,1.793,-0.863,-0.01,1.247,0.238,0.377,-1.387,-0.055,-0.226,0.178,0.508,-0.288,-0.631,-1.06,-0.684,1.966,-1.233,-0.208,-0.108,0.005,-0.19,-1.176,0.647,-0.222,0.063,0.061,123.5,0
2.0,-1.158,0.878,1.549,0.403,-0.407,0.096,0.593,-0.271,0.818,0.753,-0.823,0.538,1.346,-1.12,0.175,-0.451,-0.237,-0.038,0.803,0.409,-0.009,0.798,-0.137,0.141,-0.206,0.502,0.219,0.215,69.99,0
2.0,-0.426,0.961,1.141,-0.168,0.421,-0.03,0.476,0.26,-0.569,-0.371,1.341,0.36,-0.358,-0.137,0.518,0.402,-0.058,0.069,-0.033,0.085,-0.208,-0.56,-0.026,-0.371,-0.233,0.106,0.254,0.081,3.67,0
4.0,1.23,0.141,0.045,1.203,0.192,0.273,-0.005,0.081,0.465,-0.099,-1.417,-0.154,-0.751,0.167,0.05,-0.444,0.003,-0.612,-0.046,-0.22,-0.168,-0.271,-0.154,-0.78,0.75,-0.257,0.035,0.005,4.99,0
7.0,-0.644,1.418,1.074,-0.492,0.949,0.428,1.121,-3.808,0.615,1.249,-0.619,0.291,1.758,-1.324,0.686,-0.076,-1.222,-0.358,0.325,-0.157,1.943,-1.015,0.058,-0.65,-0.415,-0.052,-1.207,-1.085,40.8,0
7.0,-0.894,0.286,-0.113,-0.272,2.67,3.722,0.37,0.851,-0.392,-0.41,-0.705,-0.11,-0.286,0.074,-0.329,-0.21,-0.5,0.119,0.57,0.053,-0.073,-0.268,-0.204,1.012,0.373,-0.384,0.012,0.142,93.2,0
9.0,-0.338,1.12,1.044,-0.222,0.499,-0.247,0.652,0.07,-0.737,-0.367,1.018,0.836,1.007,-0.444,0.15,0.739,-0.541,0.477,0.452,0.204,-0.247,-0.634,-0.121,-0.385,-0.07,0.094,0.246,0.083,3.68,0
10.0,1.449,-1.176,0.914,-1.376,-1.971,-0.629,-1.423,0.048,-1.72,1.627,1.2,-0.671,-0.514,-0.095,0.231,0.032,0.253,0.854,-0.221,-0.387,-0.009,0.314,0.028,0.501,0.251,-0.129,0.043,0.016,7.8,0
10.0,0.385,0.616,-0.874,-0.094,2.925,3.317,0.47,0.538,-0.559,0.31,-0.259,-0.326,-0.09,0.363,0.929,-0.129,-0.81,0.36,0.708,0.126,0.05,0.238,0.009,0.997,-0.767,-0.492,0.042,-0.054,9.99,0
10.0,1.25,-1.222,0.384,-1.235,-1.485,-0.753,-0.689,-0.227,-2.094,1.324,0.228,-0.243,1.205,-0.318,0.726,-0.816,0.874,-0.848,-0.683,-0.103,-0.232,-0.483,0.085,0.393,0.161,-0.355,0.026,0.042,121.5,0
11.0,1.069,0.288,0.829,2.713,-0.178,0.338,-0.097,0.116,-0.221,0.46,-0.774,0.323,-0.011,-0.178,-0.656,-0.2,0.124,-0.98,-0.983,-0.153,-0.037,0.074,-0.071,0.105,0.548,0.104,0.021,0.021,27.5,0
12.0,-2.792,-0.328,1.642,1.767,-0.137,0.808,-0.423,-1.907,0.756,1.151,0.845,0.793,0.37,-0.735,0.407,-0.303,-0.156,0.778,2.222,-1.582,1.152,0.222,1.021,0.028,-0.233,-0.236,-0.165,-0.03,58.8,0
12.0,-0.752,0.345,2.057,-1.469,-1.158,-0.078,-0.609,0.004,-0.436,0.748,-0.794,-0.77,1.048,-1.067,1.107,1.66,-0.279,-0.42,0.433,0.263,0.5,1.354,-0.257,-0.065,-0.039,-0.087,-0.181,0.129,15.99,0
12.0,1.103,-0.04,1.267,1.289,-0.736,0.288,-0.586,0.189,0.782,-0.268,-0.45,0.937,0.708,-0.469,0.355,-0.247,-0.009,-0.596,-0.576,-0.114,-0.025,0.196,0.014,0.104,0.364,-0.382,0.093,0.037,12.99,0
13.0,-0.437,0.919,0.925,-0.727,0.916,-0.128,0.708,0.088,-0.665,-0.738,0.324,0.277,0.253,-0.292,-0.185,1.143,-0.929,0.68,0.025,-0.047,-0.195,-0.673,-0.157,-0.888,-0.342,-0.049,0.08,0.131,0.89,0
14.0,-5.401,-5.45,1.186,1.736,3.049,-1.763,-1.56,0.161,1.233,0.345,0.917,0.97,-0.267,-0.479,-0.527,0.472,-0.725,0.075,-0.407,-2.197,-0.504,0.984,2.459,0.042,-0.482,-0.621,0.392,0.95,46.8,0
15.0,1.493,-1.029,0.455,-1.438,-1.555,-0.721,-1.081,-0.053,-1.979,1.638,1.078,-0.632,-0.417,0.052,-0.043,-0.166,0.304,0.554,0.054,-0.388,-0.178,-0.175,0.04,0.296,0.333,-0.22,0.022,0.008,5.0,0
16.0,0.695,-1.362,1.029,0.834,-1.191,1.309,-0.879,0.445,-0.446,0.569,1.019,1.298,0.42,-0.373,-0.808,-2.045,0.516,0.626,-1.3,-0.138,-0.296,-0.572,-0.051,-0.304,0.072,-0.422,0.087,0.063,231.71,0
17.0,0.962,0.328,-0.171,2.109,1.13,1.696,0.108,0.522,-1.191,0.724,1.69,0.407,-0.936,0.984,0.711,-0.602,0.402,-1.737,-2.028,-0.269,0.144,0.402,-0.049,-1.372,0.391,0.2,0.016,-0.015,34.09,0
18.0,1.167,0.502,-0.067,2.262,0.429,0.089,0.241,0.138,-0.989,0.922,0.745,-0.531,-2.105,1.127,0.003,0.424,-0.454,-0.099,-0.817,-0.307,0.019,-0.062,-0.104,-0.37,0.603,0.109,-0.041,-0.011,2.28,0
18.0,0.247,0.278,1.185,-0.093,-1.314,-0.15,-0.946,-1.618,1.544,-0.83,-0.583,0.525,-0.453,0.081,1.555,-1.397,0.783,0.437,2.178,-0.231,1.65,0.2,-0.185,0.423,0.821,-0.228,0.337,0.25,22.75,0
22.0,-1.947,-0.045,-0.406,-1.013,2.942,2.955,-0.063,0.856,0.05,0.574,-0.081,-0.216,0.044,0.034,1.191,0.579,-0.976,0.044,0.489,-0.217,-0.58,-0.799,0.87,0.983,0.321,0.15,0.708,0.015,0.89,0
22.0,-2.074,-0.121,1.322,0.41,0.295,-0.96,0.544,-0.105,0.476,0.149,-0.857,-0.181,-0.655,-0.28,-0.212,-0.333,0.011,-0.488,0.506,-0.387,-0.404,-0.227,0.742,0.399,0.249,0.274,0.36,0.243,26.43,0
23.0,1.173,0.353,0.284,1.134,-0.173,-0.916,0.369,-0.327,-0.247,-0.046,-0.143,0.979,1.492,0.101,0.761,-0.015,-0.512,-0.325,-0.391,0.028,0.067,0.228,-0.15,0.435,0.725,-0.337,0.016,0.03,41.88,0
23.0,1.323,-0.174,0.435,0.576,-0.837,-0.831,-0.265,-0.221,-1.071,0.869,-0.642,-0.111,0.361,0.172,0.782,-1.356,-0.217,1.272,-1.241,-0.523,-0.284,-0.323,-0.038,0.347,0.56,-0.28,0.042,0.029,16.0,0
23.0,-0.414,0.905,1.727,1.473,0.007,-0.2,0.74,-0.029,-0.593,-0.346,-0.012,0.787,0.636,-0.086,0.077,-1.406,0.776,-0.943,0.544,0.097,0.077,0.457,-0.038,0.643,-0.184,-0.277,0.183,0.153,33.0,0
23.0,1.059,-0.175,1.266,1.186,-0.786,0.578,-0.767,0.401,0.699,-0.065,1.048,1.006,-0.542,-0.04,-0.219,0.004,-0.194,0.042,-0.278,-0.178,0.014,0.214,0.014,0.003,0.295,-0.395,0.081,0.024,12.99,0
24.0,1.237,0.061,0.381,0.762,-0.36,-0.494,0.006,-0.134,0.439,-0.207,-0.929,0.527,0.349,-0.153,-0.218,-0.192,-0.117,-0.634,0.348,-0.066,-0.246,-0.531,-0.044,0.079,0.509,0.289,-0.023,0.012,17.28,0
25.0,1.114,0.086,0.494,1.336,-0.3,-0.011,-0.119,0.189,0.206,0.082,1.134,0.627,-1.493,0.521,-0.675,-0.529,0.158,-0.399,-0.146,-0.274,-0.053,-0.005,-0.031,0.198,0.565,-0.338,0.029,0.004,4.45,0
26.0,-0.53,0.874,1.347,0.145,0.414,0.1,0.711,0.176,-0.287,-0.485,0.872,0.852,-0.572,0.101,-1.52,-0.284,-0.311,-0.404,-0.823,-0.29,0.047,0.208,-0.186,0.001,0.099,-0.553,-0.073,0.023,6.14,0
26.0,-0.53,0.874,1.347,0.145,0.414,0.1,0.711,0.176,-0.287,-0.485,0.872,0.852,-0.572,0.101,-1.52,-0.284,-0.311,-0.404,-0.823,-0.29,0.047,0.208,-0.186,0.001,0.099,-0.553,-0.073,0.023,6.14,0
26.0,-0.535,0.865,1.351,0.148,0.434,0.087,0.693,0.18,-0.286,-0.482,0.872,0.853,-0.572,0.102,-1.52,-0.286,-0.31,-0.404,-0.824,-0.283,0.05,0.207,-0.187,0.001,0.098,-0.553,-0.078,0.025,1.77,0
26.0,-0.535,0.865,1.351,0.148,0.434,0.087,0.693,0.18,-0.286,-0.482,0.872,0.853,-0.572,0.102,-1.52,-0.286,-0.31,-0.404,-0.824,-0.283,0.05,0.207,-0.187,0.001,0.098,-0.553,-0.078,0.025,1.77,0
27.0,-0.246,0.473,1.696,0.262,-0.011,-0.611,0.794,-0.247,0.139,-0.401,-0.812,-0.184,-0.63,-0.286,-0.337,-0.428,-0.031,-0.505,0.355,0.046,-0.195,-0.335,-0.078,0.393,-0.031,0.198,-0.175,-0.204,30.49,0
27.0,-1.452,1.765,0.612,1.177,-0.446,0.247,-0.258,1.092,-0.608,0.047,0.784,1.096,-0.268,0.769,-0.524,-0.809,0.71,-0.118,0.979,0.009,0.082,0.326,-0.069,0.021,-0.045,-0.243,0.149,0.121,1.8,0
29.0,0.996,-0.123,0.547,0.707,0.135,1.157,-0.295,0.407,0.338,-0.408,0.683,1.254,0.392,-0.038,0.795,-1.668,1.323,-2.83,-1.463,-0.203,-0.076,0.109,0.162,-0.576,0.11,0.374,0.051,0.005,20.53,0
29.0,1.111,0.169,0.517,1.325,-0.192,0.02,-0.032,0.118,0.018,0.045,1.345,1.286,-0.252,0.274,-0.81,-0.587,0.087,-0.55,-0.155,-0.19,-0.038,0.096,-0.048,0.232,0.606,-0.342,0.037,0.007,6.54,0
32.0,1.249,-0.625,-0.711,-0.992,1.43,3.693,-1.09,0.967,0.85,-0.307,-0.456,0.23,-0.017,-0.221,0.362,0.315,-0.512,0.119,0.575,0.098,-0.006,0.009,-0.129,1.113,0.5,1.197,-0.048,0.005,29.89,0
32.0,-2.009,2.199,0.144,1.159,-0.815,0.182,-0.617,1.531,-0.587,0.13,0.658,1.265,-0.207,1.014,-0.549,-0.708,0.87,-0.096,0.944,0.029,0.095,0.295,0.011,0.015,0.034,-0.236,0.128,0.118,2.35,0
33.0,-0.608,1.031,1.74,1.232,0.419,0.119,0.851,-0.176,-0.244,0.148,-0.387,0.398,0.482,-0.365,0.236,-1.348,0.505,-0.798,0.76,0.254,-0.087,0.258,-0.265,0.118,0.174,-0.217,0.094,-0.033,14.8,0
33.0,-0.936,0.17,2.746,-1.078,-0.306,0.012,-0.296,0.403,-0.04,-0.852,1.552,0.954,0.415,-0.234,0.452,0.844,-0.823,0.339,-1.214,-0.005,0.401,1.065,-0.158,0.296,-0.259,0.754,0.047,0.094,9.1,0
34.0,-0.762,0.128,2.65,-1.876,-0.893,-0.269,-0.42,0.146,-0.87,-0.039,-0.686,-0.503,1.381,-1.039,0.653,1.899,-0.458,-0.56,-0.295,0.359,0.433,1.26,-0.405,0.095,0.481,-0.091,0.319,0.136,15.99,0
34.0,1.138,0.057,0.649,0.873,-0.468,-0.41,-0.014,-0.072,0.307,-0.27,-0.003,1.124,0.744,-0.188,-0.076,-0.709,0.381,-1.372,-0.274,-0.078,-0.164,-0.247,0.059,0.456,0.361,0.274,-0.002,0.017,21.34,0
34.0,-0.292,0.446,1.25,-1.736,0.086,-0.122,0.408,0.095,0.816,-1.491,-0.846,0.057,-0.059,0.152,1.983,-0.443,-0.318,0.065,0.614,-0.034,-0.065,-0.12,-0.157,-0.8,-0.001,-0.835,0.131,0.063,18.95,0
34.0,0.202,0.497,1.374,0.571,-0.631,-0.54,-0.076,-0.917,0.27,-0.48,-0.513,0.681,0.09,-0.157,-0.589,-0.478,0.225,-0.669,-0.024,-0.222,0.719,-0.172,-0.166,0.776,0.818,0.443,0.143,0.219,9.99,0
35.0,1.386,-0.794,0.778,-0.865,-1.064,0.351,-1.191,0.053,-0.304,0.577,-1.631,0.043,2.048,-0.739,1.456,-0.272,-0.932,1.927,-0.66,-0.273,-0.229,-0.124,-0.131,-0.93,0.181,1.195,0.001,0.02,30.9,0
35.0,-1.063,1.418,1.087,1.241,0.002,0.046,0.514,0.241,-0.154,0.281,-0.532,0.59,0.555,-0.116,0.166,-1.237,0.638,-0.776,0.693,0.235,-0.057,0.314,-0.13,0.114,-0.028,-0.26,0.119,-0.009,20.22,0
35.0,1.199,0.13,0.864,1.003,-0.784,-0.885,-0.041,-0.208,0.392,-0.248,-0.095,1.314,1.092,-0.409,-0.578,-0.581,0.212,-0.893,-0.021,-0.073,-0.042,0.198,-0.033,1.013,0.559,0.402,-0.006,0.018,0.99,0
36.0,-1.005,-0.986,-0.038,3.71,-6.632,5.122,4.372,-2.007,-0.279,-0.231,0.145,-0.063,-0.8,-0.342,-0.931,0.511,0.092,0.824,1.19,-0.002,1.393,-0.382,0.97,0.019,0.571,0.333,0.857,-0.076,1402.95,0
36.0,-1.169,1.158,1.407,0.86,-0.104,0.122,0.264,-0.109,-0.182,0.66,0.456,-0.098,-0.346,0.21,2.345,-1.173,0.86,-1.154,0.859,-0.121,0.024,-0.12,0.213,0.088,-0.947,0.227,-0.81,0.235,7.99,0
36.0,1.096,-0.116,1.398,1.498,-1.049,0.073,-0.724,0.288,0.996,-0.149,-0.508,-0.028,-1.322,-0.062,0.506,-0.209,0.208,-0.471,-0.736,-0.275,-0.033,0.093,0.089,0.361,0.251,-0.378,0.081,0.034,2.09,0
37.0,1.296,0.341,0.082,0.567,-0.11,-0.766,0.073,-0.168,0.072,-0.281,-0.55,0.049,0.304,-0.317,1.135,0.636,-0.2,-0.122,0.005,-0.066,-0.324,-0.93,0.064,-0.194,0.288,0.128,-0.024,0.025,0.99,0
38.0,0.158,0.873,0.966,1.802,0.139,0.111,0.559,-0.029,-0.395,0.033,-0.501,0.632,0.755,-0.048,0.348,-1.494,0.757,-0.684,1.303,0.09,0.116,0.692,0.121,0.116,-1.113,-0.303,0.328,0.256,21.76,0
39.0,-0.554,0.216,0.844,-0.753,0.035,-0.559,1.09,-0.204,0.262,-1.355,-0.095,0.954,0.837,0.145,1.157,-1.933,0.741,-0.514,1.567,0.383,0.212,0.702,-0.006,0.147,0.246,-0.44,0.147,0.139,120.96,0
39.0,-1.331,0.268,-0.168,-0.701,3.282,3.216,-0.059,0.895,-0.018,-0.166,-0.765,-0.016,-0.357,-0.041,-0.735,0.031,-0.778,-0.015,-0.153,-0.114,-0.151,-0.312,-0.375,1.015,0.354,-0.51,0.159,0.229,13.84,0
40.0,1.111,0.082,0.406,1.291,-0.17,0.121,-0.081,0.174,0.152,0.065,1.025,0.793,-1.015,0.423,-0.707,-0.488,0.059,-0.384,-0.074,-0.22,-0.056,-0.012,-0.07,0.004,0.604,-0.327,0.03,0.005,13.84,0
41.0,1.154,0.265,0.385,0.575,-0.217,-0.392,-0.081,0.063,-0.261,-0.162,2.053,1.131,0.189,-0.071,0.619,0.319,0.09,-0.331,-0.345,-0.1,-0.193,-0.558,0.169,0.187,0.089,0.094,-0.01,0.02,2.67,0
41.0,0.986,-0.203,-0.493,0.408,0.306,-0.231,0.585,-0.208,-0.248,-0.192,-0.628,0.43,0.811,0.372,1.026,-0.029,-0.308,-1.1,0.011,0.264,-0.306,-1.217,-0.078,-0.741,0.287,0.2,-0.075,0.027,169.05,0
41.0,1.139,-1.193,1.407,-0.33,-2.07,-0.242,-1.307,0.105,0.135,0.494,-0.895,-0.183,0.146,-0.587,0.797,-0.892,-0.079,1.542,-0.984,-0.299,-0.156,-0.031,-0.02,0.434,-0.03,1.141,-0.009,0.042,96.94,0
41.0,1.146,0.575,0.194,2.598,-0.092,-1.044,0.532,-0.242,-0.896,0.758,-0.449,-0.661,-1.309,0.789,0.32,0.295,-0.288,-0.451,-1.011,-0.191,0.011,-0.12,-0.077,0.691,0.634,0.049,-0.053,0.016,34.13,0
42.0,-0.249,0.399,0.068,-1.061,2.41,3.737,0.316,0.672,0.015,-0.27,-0.495,-0.162,-0.274,-0.276,-0.172,-0.119,-0.55,-0.148,0.772,0.108,-0.258,-0.617,-0.157,1.031,0.121,0.31,-0.288,-0.224,32.51,0
42.0,-0.523,1.01,0.276,1.475,-0.707,0.355,1.56,-0.4,-0.48,0.516,0.034,0.589,1.427,0.021,1.651,-0.961,0.246,-0.408,0.917,-0.013,0.172,1.012,0.07,0.158,-1.109,-0.302,0.318,0.317,243.66,0
44.0,-0.9,0.136,1.884,-0.209,1.051,1.905,0.241,0.648,-0.053,-0.504,1.255,-0.237,-2.518,0.385,0.344,-1.371,0.959,-1.607,-0.647,-0.122,-0.082,-0.017,-0.148,-1.385,-0.024,0.413,-0.107,-0.19,21.55,0
44.0,-0.715,0.515,1.822,0.616,0.849,-0.112,1.506,-0.798,0.245,0.265,-1.108,-0.36,-0.163,-0.784,-0.367,-0.653,-0.504,-0.261,0.435,0.107,-0.22,-0.018,-0.432,-0.13,0.337,-0.44,-0.675,-0.473,59.9,0
44.0,-0.949,0.248,2.957,2.814,0.146,-0.027,0.134,-0.308,-0.125,1.035,-0.533,-0.19,0.081,-0.939,0.081,-0.13,-0.174,-0.09,0.222,-0.056,-0.084,0.416,0.208,0.716,-0.602,-0.064,-0.315,-0.272,0.75,0
44.0,0.927,-0.324,0.388,0.544,0.247,1.65,-0.428,0.615,0.226,-0.225,1.945,1.385,-0.479,0.314,0.214,-1.334,1.003,-2.119,-1.053,-0.185,-0.041,0.079,0.097,-0.993,0.085,0.377,0.036,-0.006,45.71,0
46.0,-1.923,-0.87,2.32,1.989,0.417,-0.38,0.472,-0.557,-0.649,1.411,-0.518,-0.985,-0.401,-0.831,0.338,0.03,0.371,-1.054,1.89,-0.369,-0.686,-0.779,1.086,0.519,-0.364,3.066,-0.589,-0.396,35.0,0
46.0,1.007,-0.071,0.348,1.33,-0.193,0.155,0.009,0.147,0.104,0.032,1.071,0.941,-0.729,0.38,-0.729,-0.493,0.044,-0.405,-0.093,-0.091,-0.02,-0.019,-0.121,0.027,0.594,-0.335,0.021,0.015,67.97,0
46.0,-0.378,0.733,-0.12,0.186,2.594,3.797,0.059,0.977,-0.413,0.007,-0.625,-0.116,-0.215,0.14,0.16,-0.602,-0.144,0.222,1.455,0.316,-0.108,-0.157,-0.195,1.014,0.146,-0.238,0.411,0.203,11.45,0
47.0,1.198,0.237,0.51,0.658,-0.365,-0.745,0.079,-0.131,-0.052,-0.11,0.307,0.671,0.438,0.269,1.127,-0.197,0.008,-1.123,-0.591,-0.121,-0.15,-0.374,0.146,0.415,0.212,0.182,-0.016,0.016,3.63,0
48.0,-0.581,0.483,1.333,-0.253,-0.028,-0.519,0.503,0.118,0.117,-0.42,0.45,-0.018,-1.984,0.322,-1.425,0.125,-0.404,0.098,-0.021,-0.299,-0.042,-0.149,0.001,0.303,-0.681,-0.016,-0.006,0.164,21.66,0
48.0,-1.793,1.855,0.98,1.112,-0.206,-0.2,0.617,0.064,0.69,1.552,-0.162,0.424,0.016,-0.406,0.272,-1.423,0.676,-0.911,0.462,0.668,-0.181,0.235,-0.091,0.418,0.123,-0.233,0.812,0.619,26.72,0
49.0,1.099,0.202,0.525,1.323,-0.13,0.04,0.028,0.073,-0.098,0.02,1.474,1.69,0.507,0.125,-0.893,-0.622,0.044,-0.642,-0.162,-0.128,-0.025,0.154,-0.063,0.253,0.629,-0.345,0.04,0.01,13.18,0
49.0,-0.55,0.419,1.73,0.203,-0.187,0.254,0.501,0.251,-0.228,-0.576,1.102,0.824,-0.57,0.009,-1.041,-0.603,0.225,-0.352,0.195,0.017,0.115,0.419,-0.065,0.265,0.004,0.396,0.027,0.044,59.99,0
49.0,0.922,-0.067,0.077,0.954,0.067,0.016,0.32,0.039,-0.392,0.032,1.392,1.079,0.106,0.666,0.442,0.123,-0.492,-0.535,-0.078,0.12,-0.334,-1.3,0.084,-0.37,0.155,-0.834,0.001,0.036,135.51,0
50.0,-0.572,1.072,1.28,0.543,0.574,-0.259,1.061,-0.411,-0.179,1.004,1.062,0.159,-0.29,0.006,0.46,-0.221,-0.776,0.657,0.808,0.355,0.004,0.561,-0.199,0.001,-0.18,-0.374,0.072,-0.176,9.79,0
50.0,-0.672,0.595,0.216,-0.867,2.967,3.632,0.563,0.673,-0.189,-0.404,-0.7,-0.184,-0.427,-0.183,-0.748,-0.038,-0.866,-0.007,-0.16,-0.003,-0.136,-0.3,-0.332,0.996,0.502,-0.518,-0.208,-0.116,14.8,0
51.0,1.26,0.254,0.515,0.621,-0.476,-0.992,0.066,-0.209,0.036,-0.068,-0.204,0.403,0.377,0.227,1.025,0.3,-0.426,-0.55,-0.12,-0.089,-0.257,-0.739,0.136,0.382,0.219,0.094,-0.029,0.019,1.98,0
52.0,1.147,0.059,0.264,1.211,-0.044,0.301,-0.133,0.228,0.252,0.084,0.645,0.413,-1.468,0.503,-0.627,-0.37,-0.032,-0.215,0.055,-0.256,-0.088,-0.111,-0.098,-0.323,0.633,-0.305,0.027,-0.001,6.67,0
52.0,-3.005,2.6,1.484,-2.418,0.306,-0.825,2.065,-1.829,4.009,6.052,2.573,0.067,-0.354,-2.837,0.292,-0.304,-1.942,-0.435,-0.934,2.457,-0.852,-0.181,-0.164,0.516,0.136,0.46,-0.251,-1.106,1.46,0
53.0,-1.199,-1.474,1.84,-4.516,0.328,-0.174,0.96,-1.026,1.7,-0.079,1.663,0.486,-0.933,-1.119,0.141,-2.812,-0.505,0.891,-1.512,-0.77,-0.453,0.335,-0.365,-0.31,-0.303,-1.244,-1.123,-0.734,89.17,0
54.0,1.202,0.322,0.281,0.644,-0.149,-0.59,0.048,-0.093,-0.043,-0.343,0.235,0.57,0.676,-0.351,1.295,0.165,0.246,-0.804,-0.562,-0.071,-0.251,-0.68,0.148,0.047,0.157,0.122,-0.005,0.029,7.53,0
55.0,-4.575,-4.429,3.403,0.904,3.002,-0.491,-2.705,0.666,1.922,-0.614,0.385,1.194,-1.021,-1.247,-2.349,-0.213,-0.1,-0.406,-1.638,-0.961,-0.047,0.853,-0.972,-0.115,0.408,-0.305,0.548,-0.456,200.01,0
55.0,-0.773,0.853,0.818,-0.236,0.803,-1.439,0.799,-0.008,-0.761,-1.044,1.504,-0.292,-1.615,-0.665,-0.293,0.803,0.462,0.835,-0.652,-0.101,0.035,-0.117,-0.179,0.4,-0.026,0.165,0.028,0.133,0.76,0
56.0,-0.848,1.043,1.267,1.136,0.021,0.337,0.398,0.317,-0.029,0.534,0.811,-0.071,-1.969,0.45,-0.263,-0.968,0.459,0.004,1.001,0.129,-0.024,0.215,-0.132,-0.007,-0.137,-0.243,0.383,0.276,20.22,0
56.0,0.087,-0.052,-0.498,-3.152,2.558,2.797,0.47,0.265,0.92,-0.736,0.209,0.017,-0.111,-0.043,1.654,-0.393,-0.876,0.184,1.259,0.167,-0.239,-0.437,0.018,1.013,-0.259,-0.293,-0.395,-0.436,10.84,0
59.0,-0.773,-4.146,-0.932,0.027,-1.698,0.46,0.737,-0.314,-0.843,0.017,-0.618,-0.198,1.595,-0.26,1.221,1.325,0.121,-1.249,-0.005,2.443,0.891,0.026,-1.135,-0.655,0.098,-0.209,-0.172,0.208,1142.02,0
59.0,0.921,-0.162,-0.094,0.474,-0.021,-0.398,0.483,-0.117,-0.578,-0.019,1.838,1.451,0.68,0.594,0.25,-0.084,-0.26,-0.895,-0.01,0.215,-0.209,-0.93,0.029,0.033,0.155,0.133,-0.074,0.022,149.9,0
60.0,1.069,0.044,0.31,1.317,-0.462,-0.858,0.208,-0.191,0.056,0.042,-0.507,-0.109,-0.473,0.452,1.006,0.185,-0.44,0.013,-0.499,-0.002,0.116,0.165,-0.178,0.392,0.625,-0.288,-0.001,0.036,89.4,0
60.0,1.107,0.216,0.538,1.476,-0.252,-0.341,0.154,-0.087,0.144,-0.157,-0.108,1.066,0.621,-0.071,-0.204,-0.853,0.336,-1.18,-0.502,-0.112,-0.06,0.06,-0.048,0.444,0.64,-0.338,0.042,0.024,26.72,0
62.0,-1.035,0.996,2.192,-0.17,-0.302,-0.142,0.223,0.289,0.094,-0.158,-0.386,-0.629,-1.024,0.098,1.562,0.169,-0.149,-0.286,-0.483,0.18,-0.098,-0.17,-0.137,0.055,0.079,0.302,0.391,0.197,5.99,0
64.0,1.213,-0.099,-1.192,0.286,2.161,3.616,-0.404,0.842,0.169,-0.031,-0.542,0.237,-0.218,0.197,-0.148,-0.098,-0.51,-0.071,0.355,0.015,-0.167,-0.495,-0.15,1.011,0.884,-0.329,0.02,0.017,34.7,0
64.0,-0.658,0.407,2.037,-0.291,0.148,-0.351,0.945,-0.173,0.025,-0.778,-0.196,0.633,0.374,-0.532,-0.615,-0.518,0.004,-1.289,-0.798,0.064,-0.156,-0.239,0.09,0.421,-0.352,0.075,-0.094,-0.092,54.99,0
64.0,0.96,0.371,0.889,2.343,0.352,1.366,-0.278,0.516,-0.701,0.468,0.746,0.374,-0.224,0.417,1.678,-0.516,0.662,-2.514,-2.59,-0.298,-0.156,-0.403,0.357,-0.697,-0.199,-0.22,0.069,0.021,7.55,0
67.0,-0.653,0.16,1.592,1.297,0.997,-0.343,0.47,-0.132,-0.198,-0.105,-0.544,0.302,0.141,-0.208,0.024,-1.207,0.395,-0.751,0.441,0.226,0.038,0.336,-0.015,0.103,-0.265,-0.349,0.011,-0.049,19.85,0
67.0,-1.495,0.837,2.628,3.145,-0.609,0.258,-0.012,0.102,-0.286,1.199,-0.55,-0.107,0.208,-0.681,0.508,-0.26,0.247,0.009,0.899,-0.028,-0.14,0.355,0.333,0.718,-0.219,0.119,-0.317,-0.341,28.28,0
68.0,1.233,0.189,0.491,0.634,-0.512,-0.991,0.066,-0.197,0.076,-0.066,-0.256,0.255,0.105,0.285,1.057,0.316,-0.412,-0.512,-0.12,-0.078,-0.252,-0.77,0.126,0.37,0.206,0.094,-0.033,0.021,15.99,0
68.0,1.157,0.037,0.557,0.52,-0.48,-0.353,-0.222,0.158,0.011,0.106,1.612,0.354,-1.435,0.797,0.745,0.223,-0.229,-0.365,-0.254,-0.222,-0.183,-0.612,0.197,0.175,0.032,0.099,-0.027,0.004,2.69,0
68.0,-0.77,0.484,1.901,-0.002,0.024,-1.172,0.666,-0.095,-0.137,-0.843,-0.408,0.503,-0.011,-0.2,-0.909,-0.324,-0.022,-0.797,-0.48,-0.034,-0.057,-0.156,0.018,0.942,-0.169,0.056,0.059,0.134,22.36,0
69.0,0.299,2.143,-1.542,1.561,0.938,-2.146,1.406,-0.778,0.329,0.127,1.613,-0.096,0.655,-4.318,1.039,0.405,2.729,1.116,-0.704,0.677,-0.291,-0.0,0.092,0.586,-0.397,-0.481,0.251,-0.242,0.78,0
69.0,-0.608,0.307,1.473,1.191,0.021,0.888,1.19,0.042,-0.446,-0.08,0.66,-0.112,-1.469,0.285,-0.237,-0.913,0.243,0.123,1.175,0.374,0.047,0.165,0.064,-0.334,0.132,-0.218,-0.082,-0.117,168.56,0
69.0,-1.767,2.353,-0.01,-0.364,1.461,-0.205,0.906,-3.384,0.389,0.791,-0.27,0.047,1.643,-2.678,0.728,0.289,0.384,0.455,0.114,0.073,1.964,-0.883,-0.248,-0.759,0.086,0.203,-0.899,-0.944,0.76,0
69.0,-2.221,1.029,-0.698,-1.268,2.802,3.323,0.197,-0.521,0.86,1.594,0.311,-0.434,-0.087,-1.108,1.309,0.521,-0.736,0.165,0.315,-0.112,0.11,-1.178,0.509,0.923,0.214,0.034,-0.142,-0.264,9.47,0
70.0,-0.426,-0.06,2.221,0.025,-0.585,0.461,-0.323,0.435,1.252,-1.012,-1.379,0.203,-0.856,-0.926,-1.574,-0.493,0.329,-0.618,-0.708,-0.2,0.149,0.77,-0.093,0.151,-0.234,0.505,0.069,0.041,21.8,0
71.0,1.332,-0.58,0.423,-0.898,-0.746,-0.056,-0.75,0.128,-0.965,0.736,1.391,-0.008,-0.129,0.094,0.389,1.237,0.152,-1.399,0.673,0.052,-0.039,-0.255,0.109,-0.328,0.162,-0.447,0.02,0.006,14.48,0
73.0,1.162,1.248,-1.581,1.475,1.138,-1.02,0.638,-0.137,-0.806,-1.444,2.847,0.628,0.388,-3.279,0.553,0.911,2.698,1.303,-0.91,-0.017,-0.124,-0.227,-0.199,-0.29,0.776,-0.284,0.057,0.085,1.0,0
73.0,1.239,0.293,0.086,1.178,0.373,0.326,0.119,-0.025,0.173,-0.154,-1.089,0.871,1.178,-0.218,-0.161,-0.534,-0.108,-0.848,-0.057,-0.104,-0.148,-0.112,-0.173,-0.715,0.817,-0.264,0.048,0.009,1.0,0
73.0,0.926,-0.358,1.377,1.901,-1.058,0.302,-0.462,0.25,1.254,-0.436,-0.681,1.0,-0.653,-0.636,-1.703,-1.28,0.988,-1.479,-0.044,-0.124,-0.348,-0.677,0.101,0.596,0.322,-0.547,0.079,0.044,70.6,0
73.0,1.148,0.086,0.121,1.127,0.215,0.537,-0.05,0.186,0.112,0.047,0.508,0.87,-0.323,0.269,-0.717,-0.314,-0.224,-0.228,0.179,-0.148,-0.091,-0.095,-0.167,-0.653,0.713,-0.288,0.032,0.0,19.77,0
74.0,1.038,0.127,0.184,1.11,0.442,0.945,-0.037,0.351,0.119,-0.243,0.578,0.675,-0.534,0.447,1.123,-1.768,1.241,-2.449,-1.747,-0.336,0.103,0.605,0.023,-0.626,0.479,-0.167,0.081,0.001,1.18,0
74.0,1.038,0.127,0.184,1.11,0.442,0.945,-0.037,0.351,0.119,-0.243,0.578,0.675,-0.534,0.447,1.123,-1.768,1.241,-2.449,-1.747,-0.336,0.103,0.605,0.023,-0.626,0.479,-0.167,0.081,0.001,1.18,0
74.0,1.038,0.127,0.184,1.11,0.442,0.945,-0.037,0.351,0.119,-0.243,0.578,0.675,-0.534,0.447,1.123,-1.768,1.241,-2.449,-1.747,-0.336,0.103,0.605,0.023,-0.626,0.479,-0.167,0.081,0.001,1.18,0
74.0,1.038,0.127,0.184,1.11,0.442,0.945,-0.037,0.351,0.119,-0.243,0.578,0.675,-0.534,0.447,1.123,-1.768,1.241,-2.449,-1.747,-0.336,0.103,0.605,0.023,-0.626,0.479,-0.167,0.081,0.001,1.18,0
75.0,-1.439,0.268,3.563,3.481,-1.16,1.765,-0.559,0.442,0.348,0.393,-0.972,0.516,0.497,-1.484,-0.867,-1.02,1.063,-0.359,0.881,-0.173,0.129,1.129,-0.007,0.497,0.131,0.526,-0.089,0.113,81.13,0
76.0,-1.025,0.522,1.788,0.203,-1.141,-0.138,-0.337,0.671,0.072,-0.519,0.687,0.249,-1.249,0.343,-0.236,0.529,-0.291,0.848,0.129,-0.279,0.316,0.848,0.149,0.55,-0.585,0.326,-0.069,0.06,50.0,0
76.0,-0.997,0.228,1.715,-0.42,0.561,0.565,0.846,0.197,-0.097,-0.439,1.309,0.86,-0.476,-0.142,-0.975,-0.607,0.005,-1.0,-0.774,0.244,-0.07,0.015,0.073,-0.272,-0.088,0.138,0.126,-0.063,86.43,0
77.0,-1.166,1.485,0.156,0.924,0.132,0.997,-0.167,1.263,-0.585,-0.553,0.138,0.691,-0.421,0.979,1.098,-1.913,1.781,-2.12,-1.023,-0.321,0.315,1.047,0.156,-0.628,-0.702,-0.224,0.145,0.116,11.83,0
77.0,-1.186,-0.219,1.101,-1.407,1.262,-0.338,1.192,-0.427,0.277,-0.215,-0.943,-0.474,0.062,-0.41,0.754,0.283,-0.906,-0.738,-0.454,0.037,-0.363,-0.419,0.521,-0.922,-0.14,0.71,-0.076,-0.384,49.95,0
77.0,-0.427,0.746,1.762,-0.165,0.058,-0.213,0.647,0.073,-0.292,0.065,1.527,-0.132,-1.697,0.482,0.586,0.035,-0.306,-0.206,-0.119,0.053,-0.202,-0.432,0.013,0.162,-0.401,0.047,0.103,-0.117,9.12,0
78.0,-0.622,0.015,1.052,-1.645,-0.538,-0.836,0.517,-1.106,-1.312,0.577,0.895,-0.686,-1.86,0.511,-0.452,-1.146,-0.324,1.462,-0.986,-0.757,0.419,-0.762,-0.099,0.503,-0.655,0.743,-0.021,-0.118,104.94,0
78.0,-0.291,1.516,1.514,2.518,0.584,0.426,0.599,0.057,-1.476,0.829,-1.269,-0.428,0.946,0.079,1.288,0.283,-0.424,0.147,1.226,0.348,-0.253,-0.613,-0.126,-0.637,-0.256,0.02,0.383,0.194,4.68,0
78.0,-1.76,0.222,0.58,-1.413,0.805,-0.353,0.87,-0.031,0.318,-0.118,-1.054,-0.297,0.131,-0.17,0.749,0.411,-0.75,-0.746,-0.488,-0.105,-0.404,-0.478,0.261,-0.903,-0.131,0.714,-0.028,-0.411,62.92,0
78.0,-0.591,0.235,2.355,-2.22,-0.247,-0.833,0.934,-0.67,1.093,-0.534,1.72,0.117,-1.289,-0.189,1.193,-0.519,-0.6,0.67,1.088,0.134,0.006,0.431,-0.442,0.556,0.166,-0.055,-0.715,-0.612,18.31,0
79.0,-2.374,0.597,0.037,-1.407,0.3,-0.341,0.625,0.37,0.344,-0.046,-1.168,-0.129,0.205,0.072,0.741,0.539,-0.596,-0.736,-0.524,-0.171,-0.423,-0.527,0.163,-0.894,-0.087,0.718,-0.011,-0.432,80.0,0
80.0,-0.655,0.41,1.289,-0.325,0.546,-0.35,0.648,0.036,0.079,-0.829,-1.782,-0.413,-0.626,-0.113,-0.715,0.121,-0.474,-0.241,0.041,-0.035,-0.156,-0.477,-0.127,-0.444,-0.012,0.143,0.05,0.118,32.51,0
80.0,-3.008,0.93,-0.424,-1.393,0.082,-0.516,0.105,0.825,0.385,0.064,-1.293,0.062,0.271,0.328,0.724,0.638,-0.43,-0.724,-0.563,-0.152,-0.409,-0.589,0.068,-0.891,-0.048,0.718,-0.054,-0.424,39.95,0
81.0,1.111,0.215,0.374,1.15,-0.33,-0.899,0.31,-0.255,-0.111,-0.058,-0.218,0.601,0.686,0.262,0.923,0.135,-0.49,-0.393,-0.315,0.032,-0.133,-0.494,-0.011,0.38,0.456,-0.572,0.011,0.039,68.74,0
82.0,-3.592,1.348,-0.998,-1.402,-0.597,-0.385,0.051,1.211,0.39,0.101,-1.407,0.207,0.346,0.56,0.713,0.775,-0.286,-0.702,-0.596,-0.212,-0.432,-0.607,0.176,-0.892,0.045,0.728,-0.033,-0.456,79.0,0
82.0,-0.888,0.914,1.146,0.656,0.677,-0.326,0.889,-0.342,-0.524,0.69,1.161,0.832,0.865,-0.018,0.329,-0.181,-0.749,0.553,0.853,0.143,0.108,0.662,-0.005,0.031,-0.141,-0.374,-0.158,0.077,5.9,0
83.0,-1.865,0.911,1.725,-1.748,0.579,-0.833,1.901,-1.914,2.112,3.014,2.024,-0.482,-1.391,-1.6,0.16,-0.057,-1.594,-0.213,-0.449,0.275,-0.319,0.073,-0.062,0.547,-0.467,0.408,-2.378,-1.256,7.69,0
83.0,-0.833,0.779,2.619,2.613,-0.517,0.558,0.317,0.207,-0.739,0.214,-0.295,0.101,0.091,-0.43,0.027,-0.335,0.379,-0.542,-0.596,-0.011,0.189,0.679,-0.133,0.636,0.309,0.272,-0.078,0.007,79.91,0
83.0,-1.897,0.956,0.053,1.277,-3.323,3.23,1.03,1.516,-0.06,-1.461,-0.247,0.922,-0.197,0.506,0.705,-1.329,1.915,-1.935,-0.93,-0.833,0.128,0.776,0.478,-0.609,-1.121,-0.414,0.061,-0.188,552.18,0
84.0,1.119,-0.67,0.804,-0.652,-1.396,-0.801,-0.602,0.014,2.02,-1.068,-0.673,0.116,-1.125,0.056,1.415,-0.396,-0.091,0.504,0.46,-0.06,0.164,0.547,-0.177,0.403,0.563,-0.534,0.075,0.042,67.3,0
84.0,-0.792,-0.841,2.61,-2.196,-0.397,-0.707,-0.058,-0.549,-1.87,1.031,-0.561,-0.279,1.709,-1.606,-1.105,-0.849,0.372,-0.586,-0.232,-0.046,-0.525,-0.776,-0.133,0.377,0.222,-0.574,-0.419,-0.278,21.97,0
84.0,-0.481,1.003,0.906,-0.424,0.761,0.378,0.587,0.134,-0.208,-0.24,-1.453,-0.527,0.074,0.087,1.231,0.311,-0.62,-0.329,0.188,0.082,-0.278,-0.753,-0.146,-1.354,-0.096,0.176,0.144,0.1,4.99,0
85.0,1.328,-0.735,1.502,-0.544,-1.909,-0.712,-1.293,-0.003,-0.246,0.573,0.009,-0.337,0.676,-0.672,1.254,1.592,0.05,-0.785,-0.024,0.112,0.461,1.309,-0.046,0.764,0.282,-0.064,0.06,0.037,11.99,0
85.0,-4.258,1.649,-1.591,-1.374,-1.18,-0.331,-0.118,1.592,0.416,0.159,-1.516,0.374,0.427,0.804,0.713,0.916,-0.134,-0.693,-0.64,-0.272,-0.453,-0.672,0.001,-0.876,0.07,0.73,-0.003,-0.481,124.67,0
87.0,-5.102,1.897,-3.458,-1.278,-5.518,2.098,3.33,1.251,0.272,-0.305,-1.473,0.273,0.649,0.9,0.875,1.472,-0.145,-0.726,-0.699,-1.27,-0.872,-0.679,-0.556,-0.762,0.067,0.767,0.732,-0.86,919.6,0
88.0,1.287,-0.825,1.346,-0.526,-1.833,-0.478,-1.224,0.015,-0.258,0.602,-0.542,0.005,0.865,-0.469,1.456,-0.636,-0.371,1.586,-1.18,-0.379,-0.148,0.058,0.052,0.429,-0.037,1.112,-0.004,0.032,30.9,0
89.0,0.271,-1.615,1.055,1.662,-1.738,0.066,-0.314,0.089,1.07,-0.349,-0.854,-0.018,-0.478,-0.19,0.962,0.557,-0.459,0.644,-0.707,0.755,0.475,0.496,-0.482,0.419,0.236,-0.265,-0.001,0.12,459.39,0
89.0,-0.59,0.933,-0.268,0.125,2.397,3.878,0.19,0.96,-0.23,0.295,-0.597,-0.118,-0.212,0.063,0.18,-0.608,-0.159,0.203,1.425,0.401,-0.154,-0.175,-0.201,1.013,0.194,-0.232,0.541,0.255,37.13,0
91.0,1.276,0.211,0.143,0.37,0.155,-0.032,-0.003,-0.039,0.031,-0.122,-0.668,0.417,0.891,0.128,1.296,0.234,-0.475,-0.773,-0.164,-0.069,-0.28,-0.748,0.057,-0.759,0.272,0.175,-0.011,0.008,1.98,0
91.0,-1.822,1.235,-0.308,-1.822,2.762,3.641,-0.345,-1.548,-0.138,-0.467,-0.466,0.019,-0.311,0.279,-0.047,1.121,-1.458,0.108,-1.497,-0.854,2.081,-1.592,0.322,0.889,0.156,-0.961,-0.035,0.182,15.89,0
92.0,-5.286,4.847,-1.29,-1.428,-0.622,-0.605,0.438,0.336,3.558,6.428,1.401,0.667,0.315,-1.861,0.559,0.315,-0.701,0.206,-0.208,2.962,-0.924,-1.171,0.151,-0.493,1.051,0.195,2.491,1.575,8.95,0
92.0,0.607,-0.957,0.762,1.59,-1.177,0.011,-0.167,0.153,0.743,-0.151,0.721,0.71,-1.329,0.131,-1.122,-0.175,-0.06,0.336,0.154,0.305,0.166,0.101,-0.317,0.544,0.484,-0.33,-0.002,0.062,268.78,0
92.0,-0.238,0.509,1.952,0.779,-0.379,0.251,-0.072,0.229,0.211,-0.374,-0.716,-0.047,-0.334,-0.246,0.628,-0.782,0.536,-0.283,0.682,0.005,0.217,0.904,-0.121,0.141,-0.614,0.576,0.194,0.165,2.99,0
93.0,-0.854,0.127,1.267,0.679,-1.03,-0.488,1.836,-0.299,-0.922,-0.646,-0.026,0.029,0.407,0.23,1.128,-0.257,0.008,-0.117,0.426,0.776,0.252,0.18,0.477,0.725,0.527,0.503,-0.159,0.003,322.44,0
93.0,-1.64,-0.48,1.614,2.998,-3.804,5.052,3.315,-0.304,0.671,0.744,-1.223,-0.647,-0.374,-1.724,-1.325,0.325,-0.486,1.396,2.157,0.124,-0.368,0.642,-0.406,-1.269,0.494,0.611,0.609,-0.41,937.69,0
95.0,1.057,-0.647,0.729,-0.569,-1.174,-0.528,-0.472,0.052,1.904,-1.177,-0.164,0.761,-0.609,-0.052,1.006,-1.168,0.489,-0.343,0.176,-0.07,0.186,0.743,-0.164,0.454,0.615,-0.509,0.09,0.038,69.0,0
95.0,-0.344,1.119,1.293,0.065,0.023,-0.993,0.696,-0.065,-0.374,-0.506,-0.234,-0.151,-0.019,-0.402,0.909,0.388,0.017,-0.122,-0.09,0.104,-0.265,-0.701,-0.014,0.331,-0.165,0.072,0.245,0.098,2.28,0
95.0,1.316,-0.106,-0.246,-1.186,-0.12,-0.613,0.007,-0.137,0.848,-0.785,0.876,1.28,0.569,0.443,0.941,-0.193,-0.789,0.782,1.083,-0.042,0.093,0.405,-0.283,-0.457,0.895,-0.562,0.045,0.003,7.21,0
95.0,1.196,0.259,0.636,0.641,-0.395,-0.695,0.034,-0.124,-0.078,-0.129,0.407,0.904,0.881,0.159,1.189,-0.115,-0.063,-1.177,-0.605,-0.095,-0.201,-0.517,0.199,0.413,0.123,0.102,-0.008,0.02,1.29,0
97.0,1.274,0.058,-1.312,-0.049,2.244,3.296,-0.343,0.761,-0.155,0.068,-0.162,0.029,-0.021,0.528,1.106,0.376,-0.927,0.293,-0.003,0.009,-0.017,-0.183,-0.147,1.005,0.843,-0.314,0.014,0.016,17.8,0
98.0,-0.647,1.004,1.616,-0.1,-0.122,-0.671,0.656,0.01,-0.636,-0.047,1.531,0.824,0.148,0.267,0.12,0.319,-0.593,0.044,0.232,0.093,-0.148,-0.42,0.061,0.521,-0.239,0.03,0.14,0.101,14.98,0
98.0,1.027,-1.273,0.674,-0.747,-1.299,0.294,-1.054,0.235,-0.575,0.681,1.218,-0.248,-0.243,-0.104,0.767,1.523,-0.001,-0.604,0.234,0.346,0.522,1.102,-0.249,-0.259,0.296,-0.031,0.018,0.033,159.0,0
99.0,-0.884,-0.151,2.292,-0.263,-0.815,0.956,0.098,0.474,0.14,-0.73,0.711,0.095,-1.098,-0.06,0.235,-0.142,0.193,0.218,1.156,0.359,0.071,0.052,0.11,-0.261,-0.098,1.155,-0.021,0.063,142.71,0
99.0,1.081,-0.257,0.427,0.918,-0.746,-0.721,-0.002,-0.087,0.643,-0.193,-0.872,-0.181,-1.265,0.195,-0.066,-0.215,0.106,-0.547,0.201,-0.042,-0.199,-0.627,-0.041,0.387,0.383,0.265,-0.045,0.024,84.39,0
100.0,-0.379,0.275,-0.129,-2.683,-0.731,-0.226,-0.007,-2.779,-0.233,-0.589,-1.308,0.065,0.083,0.465,0.848,-1.55,-0.32,1.087,-0.444,-1.134,1.426,-2.777,-0.467,-0.715,1.137,-0.982,0.357,0.148,182.95,0
103.0,-1.409,0.563,3.351,-0.437,-1.123,0.256,-0.253,-0.796,1.422,-0.682,-0.681,1.398,1.115,-1.895,-2.189,-0.64,0.335,-0.836,-0.071,-0.029,0.666,0.17,-0.232,1.067,0.28,0.988,-0.106,-0.074,23.27,0
103.0,-0.941,1.074,1.759,-0.601,0.102,-0.189,0.456,-3.461,0.442,0.918,0.877,0.338,0.646,-0.829,1.465,-0.915,0.172,-1.054,0.277,-0.209,2.27,-0.144,0.154,0.701,-0.413,1.374,-0.996,-0.836,9.99,0
103.0,1.246,0.439,0.316,1.108,-0.178,-0.941,0.286,-0.29,-0.169,-0.014,-0.226,0.721,1.003,0.189,0.81,0.003,-0.485,-0.274,-0.376,-0.08,0.039,0.208,-0.111,0.42,0.722,-0.331,0.02,0.022,4.19,0
103.0,-6.093,-12.114,-5.695,3.294,-1.414,4.776,4.808,-0.228,-0.526,-1.725,-0.363,0.286,0.488,1.26,0.66,0.455,-0.498,0.792,-0.978,7.744,2.229,-2.264,-3.553,1.215,-0.406,-0.653,-0.711,0.673,3828.04,0
105.0,1.0,-0.295,1.308,1.258,-0.968,0.46,-0.782,0.424,0.791,-0.055,1.109,0.693,-1.289,0.12,-0.151,-0.018,-0.078,0.069,-0.357,-0.183,0.033,0.18,0.029,0.203,0.235,-0.408,0.073,0.029,35.97,0
105.0,1.175,0.408,0.552,1.255,-0.197,-0.566,0.134,-0.146,-0.214,-0.011,0.291,0.976,1.118,0.145,1.038,-0.293,-0.142,-0.767,-0.963,-0.116,0.131,0.524,-0.05,0.448,0.598,-0.275,0.043,0.024,1.0,0
106.0,-0.306,0.991,1.414,0.855,0.334,-0.728,1.059,-0.47,-0.535,0.083,-0.326,0.105,0.617,-0.021,0.99,-0.442,-0.337,0.003,0.438,0.09,0.128,0.58,-0.202,0.416,-0.272,-0.378,-0.114,-0.052,24.57,0
107.0,1.175,0.661,-0.477,1.103,0.543,-0.247,0.165,0.027,-0.423,-0.574,1.853,0.871,0.497,-1.251,0.599,0.568,0.768,0.672,-0.575,-0.069,-0.003,0.094,-0.154,-0.425,0.652,-0.297,0.051,0.042,1.0,0
108.0,-0.817,0.548,1.987,2.348,0.037,1.51,0.693,0.509,-1.254,0.174,1.104,0.31,-0.838,0.214,-0.528,-0.422,0.395,-0.714,-0.217,0.234,-0.047,-0.324,0.232,-0.335,0.162,0.015,-0.029,-0.015,148.43,0
108.0,1.206,-0.125,0.119,0.024,-0.549,-0.95,0.071,-0.126,0.137,-0.071,1.291,0.732,-0.841,0.503,-0.497,-0.165,-0.064,-0.248,0.578,-0.084,-0.018,-0.018,-0.085,0.628,0.456,1.092,-0.108,-0.014,25.8,0
110.0,-1.277,-0.904,1.477,-2.583,0.636,-0.867,1.138,-0.925,-0.222,0.097,0.983,0.737,0.521,-0.626,-0.564,-2.445,-0.534,1.577,0.101,-0.431,-0.482,-0.183,-0.614,0.038,0.793,-0.725,-0.616,-0.486,110.4,0
110.0,-0.592,0.111,0.699,-1.536,1.193,0.649,0.797,0.017,0.79,-1.246,0.555,1.089,0.362,-0.022,1.434,-2.627,1.177,-2.158,-0.567,-0.176,0.206,1.216,0.093,-0.9,-0.424,-0.608,0.018,-0.077,13.95,0
111.0,-0.821,1.023,1.997,1.18,0.232,-0.124,0.684,-0.008,-0.572,-0.405,-0.212,0.552,0.373,-0.12,0.061,-1.24,0.648,-0.904,0.405,0.005,0.0,0.183,-0.3,0.432,0.457,-0.213,-0.033,0.088,9.99,0
112.0,-4.816,-3.345,0.566,3.961,-2.495,3.691,1.603,-0.072,1.092,1.146,-1.23,-0.187,-0.064,-1.419,-1.006,0.718,-0.333,1.209,2.246,-1.133,-0.797,0.26,-2.712,-1.02,0.071,0.619,1.721,-1.649,937.69,0
112.0,1.103,0.104,0.934,1.153,-0.694,-0.585,-0.148,-0.112,0.197,-0.095,-0.217,0.752,1.088,-0.068,1.196,0.453,-0.667,-0.06,-0.517,0.037,-0.017,-0.099,0.003,0.394,0.334,-0.521,0.046,0.048,54.99,0
113.0,1.148,0.543,0.505,2.518,-0.124,-0.611,0.273,-0.173,-0.81,0.692,-0.548,-0.1,0.055,0.334,0.437,0.593,-0.594,-0.289,-1.014,-0.098,0.026,-0.008,-0.082,0.379,0.558,0.034,-0.022,0.024,31.17,0
114.0,1.194,-0.073,0.635,0.769,-0.736,-0.673,-0.146,-0.066,0.646,-0.212,-0.758,0.132,-0.692,0.014,-0.053,-0.144,0.048,-0.662,0.255,-0.12,-0.301,-0.771,0.074,0.398,0.286,0.287,-0.031,0.017,23.88,0
114.0,-0.284,1.069,0.931,-0.129,0.388,-0.514,0.664,0.009,-0.261,-0.496,-1.049,-0.628,-0.245,-0.378,1.011,0.651,-0.268,0.198,0.228,0.111,-0.324,-0.886,-0.11,-0.521,-0.065,0.126,0.241,0.089,4.49,0
115.0,-0.183,-0.921,1.819,-2.451,-1.248,0.147,0.219,-0.407,-2.024,1.411,1.672,-0.103,1.082,-1.044,-0.319,-0.256,-0.105,0.221,-1.24,-0.243,0.031,0.849,0.12,0.219,-0.442,-0.387,-0.292,-0.448,137.0,0
117.0,0.806,-0.22,2.371,4.076,-0.844,2.546,-1.435,0.942,0.33,0.832,0.313,1.018,-0.44,-1.001,-2.431,0.099,0.261,-0.497,-1.519,-0.198,0.186,0.917,-0.076,-0.243,0.246,0.284,0.114,0.032,37.89,0
117.0,-1.01,-0.54,2.519,-2.27,-0.157,0.169,0.538,-0.379,-0.166,-0.226,-1.509,-0.471,0.939,-1.842,-1.8,1.333,-0.495,-1.464,-0.25,0.132,-0.104,0.154,-0.235,-0.425,0.679,-0.497,-0.365,-0.417,82.29,0
118.0,1.255,0.35,0.302,0.693,-0.371,-1.07,0.087,-0.203,0.035,-0.283,-0.074,0.225,0.211,-0.284,1.096,0.481,-0.006,-0.295,-0.197,-0.08,-0.288,-0.833,0.128,0.339,0.216,0.095,-0.023,0.031,2.69,0
118.0,1.431,-0.648,-0.332,-1.207,-0.013,0.704,-0.732,0.183,-0.878,0.768,0.057,-0.591,0.005,0.048,0.442,1.531,-0.325,-0.724,1.1,0.101,0.113,0.222,-0.245,-1.688,0.61,-0.088,0.01,-0.014,20.0,0
121.0,-0.869,0.685,2.014,0.126,-0.493,-0.32,0.374,-0.081,0.9,0.194,-0.996,-0.566,-1.135,-0.554,0.016,-0.206,-0.163,0.078,0.078,0.177,0.027,0.574,-0.252,0.432,-0.138,0.423,0.181,0.044,29.99,0
123.0,-0.506,0.666,1.081,-0.448,1.039,0.184,0.883,-0.142,-0.609,0.038,0.307,0.72,1.423,-0.176,0.094,0.571,-1.312,0.61,0.737,0.435,-0.059,0.022,-0.226,-0.986,-0.066,0.26,0.151,-0.043,40.0,0
123.0,0.969,-0.502,-1.334,0.389,2.036,3.662,-0.237,0.81,0.155,-0.089,-0.54,0.242,-0.196,0.226,-0.132,-0.081,-0.506,-0.045,0.315,0.272,-0.091,-0.561,-0.261,1.018,0.837,-0.343,-0.003,0.039,160.86,0
124.0,-0.615,0.975,1.689,-0.17,-0.152,-0.698,0.727,-0.068,-0.127,0.413,1.364,-0.099,-1.473,0.342,0.328,0.298,-0.606,0.2,0.21,0.212,-0.262,-0.55,-0.007,0.475,-0.269,0.022,0.199,-0.055,8.93,0
124.0,1.105,0.542,0.839,2.571,-0.28,-0.423,0.088,0.012,-0.716,0.651,0.074,-0.142,-0.739,0.503,0.737,0.257,-0.094,-1.011,-1.465,-0.24,-0.137,-0.461,0.189,0.556,0.186,-0.189,0.0,0.026,6.24,0
124.0,-1.711,-1.367,2.217,0.405,-0.114,-0.076,-0.26,0.321,-0.175,-0.479,0.76,0.475,0.123,-0.12,0.49,0.181,-0.199,0.916,1.506,0.986,0.391,0.481,0.406,0.066,0.157,1.286,-0.094,0.099,230.0,0
125.0,-2.807,1.183,2.975,2.801,-0.475,3.218,-0.402,0.384,2.409,3.351,0.107,0.367,-0.15,-2.45,0.182,-2.372,1.614,-2.013,-0.572,0.829,-0.202,1.462,-0.0,-0.581,-0.102,0.529,0.362,0.238,43.71,0
125.0,0.854,-0.527,0.824,1.235,-0.642,0.529,-0.398,0.157,0.706,-0.27,-0.823,0.586,0.758,-0.337,0.866,0.089,-0.337,-0.115,-0.657,0.214,0.223,0.526,-0.271,-0.385,0.467,-0.216,0.059,0.056,165.55,0
125.0,-0.725,0.073,1.74,0.759,0.23,2.422,0.197,0.861,0.099,-0.73,1.327,1.005,-0.988,-0.091,-0.711,-1.636,1.15,-1.61,-1.045,-0.044,0.189,0.739,0.146,-1.032,-0.088,-0.221,0.108,0.012,113.0,0
127.0,1.356,-0.221,-1.237,-1.247,1.908,3.104,-0.603,0.763,0.118,-0.13,0.009,0.041,0.063,0.375,1.323,0.582,-0.804,-0.054,0.444,0.053,-0.164,-0.603,0.011,1.064,0.401,0.976,-0.081,-0.003,1.54,0
128.0,-0.55,0.908,1.598,1.299,0.588,0.032,0.754,-0.307,-0.269,0.139,-0.333,0.687,0.983,-0.457,0.134,-1.368,0.446,-0.868,0.765,0.022,-0.011,0.418,-0.265,0.13,-0.228,-0.305,-0.191,-0.087,10.0,0
128.0,1.239,-0.183,0.155,-0.929,-0.746,-1.236,-0.062,-0.125,0.985,-0.747,1.563,0.89,-0.985,0.779,1.017,-0.429,-0.336,0.615,0.703,-0.16,0.146,0.481,-0.14,0.538,0.711,-0.621,0.037,0.011,8.8,0
130.0,-0.485,0.658,1.95,1.25,0.426,0.232,0.585,0.029,-0.52,0.056,1.265,0.521,-0.83,0.157,-0.365,-1.142,0.41,-0.205,1.01,0.089,0.007,0.328,-0.233,0.226,0.026,-0.247,-0.025,-0.119,5.97,0
130.0,1.353,-0.695,0.971,-0.427,-1.417,-0.506,-0.932,-0.084,-0.224,0.447,-0.54,0.072,1.007,-0.905,-0.304,0.803,0.483,-1.345,0.649,0.126,0.284,0.993,-0.165,0.474,0.624,-0.007,0.046,0.022,15.93,0
131.0,-1.007,1.262,1.207,1.308,0.153,0.062,0.509,0.079,-0.395,-0.006,-0.468,0.828,1.047,-0.185,0.109,-1.253,0.606,-0.831,0.773,-0.104,0.039,0.412,-0.08,0.121,-0.133,-0.303,-0.464,-0.164,10.0,0
132.0,-0.395,1.054,1.206,-0.289,0.61,0.082,0.688,0.065,-0.502,-0.387,-0.749,0.317,1.209,-0.089,1.046,0.102,-0.48,-0.656,-0.036,0.161,-0.243,-0.548,-0.107,-0.757,-0.119,0.149,0.287,0.111,3.87,0
132.0,-1.571,1.688,0.735,1.293,-0.218,-0.003,0.147,0.515,-0.372,0.078,-0.592,0.998,1.109,0.06,0.086,-1.15,0.765,-0.811,0.738,-0.094,0.049,0.377,-0.03,0.118,-0.061,-0.297,-0.482,-0.168,10.0,0
133.0,0.709,-0.012,-0.53,0.236,1.612,4.092,-0.862,1.084,0.787,0.113,-0.653,0.173,0.038,-0.388,0.375,0.21,-0.645,0.555,0.622,-0.042,0.007,0.09,0.272,0.987,-0.81,-0.53,-0.066,-0.125,35.97,0
135.0,1.102,-0.119,1.139,1.845,-0.818,0.248,-0.684,0.283,0.287,0.441,-0.826,-0.769,-1.541,0.048,0.568,0.524,-0.044,-0.426,-1.101,-0.201,0.12,0.371,-0.016,0.114,0.152,1.126,-0.039,0.012,22.37,0
135.0,1.207,0.241,0.259,0.653,-0.256,-0.62,-0.04,-0.022,0.145,-0.305,0.024,-0.09,-0.564,-0.105,1.431,0.223,0.317,-0.653,-0.552,-0.156,-0.267,-0.78,0.166,0.013,0.116,0.126,-0.012,0.026,4.57,0
135.0,-0.542,0.908,0.942,0.994,0.845,0.36,0.762,-0.222,0.18,0.408,-2.062,-0.72,-0.367,-0.287,0.181,-0.593,-0.251,0.23,1.634,0.146,-0.203,-0.123,-0.438,-0.996,0.094,-0.216,0.015,-0.038,23.57,0
136.0,-0.568,1.195,0.695,-0.626,1.171,0.374,1.013,-0.272,0.056,0.682,0.267,0.178,0.854,-1.009,0.353,0.855,-1.131,0.764,0.796,0.599,-0.49,-0.839,-0.286,-1.441,0.115,0.113,0.137,-0.25,13.99,0
137.0,0.753,-1.132,0.879,0.298,-1.327,0.067,-0.535,0.171,1.185,-0.51,-0.559,0.122,-0.719,-0.211,0.664,-0.064,0.256,-0.696,-0.19,0.296,0.032,-0.213,-0.092,0.152,-0.068,0.999,-0.064,0.049,226.07,0
138.0,-0.987,0.055,0.892,1.239,1.154,-0.443,1.159,-0.235,-0.748,0.2,-0.377,-0.087,0.217,0.314,1.296,-0.819,0.06,-0.69,0.684,0.744,-0.156,-0.591,0.433,-0.338,-0.272,-0.551,0.172,0.013,148.81,0
139.0,0.951,-0.658,1.702,1.81,-1.36,0.954,-1.135,0.529,1.914,-0.413,-1.489,0.106,-1.65,-0.766,-1.183,-0.739,0.677,-0.484,-0.188,-0.193,-0.028,0.284,-0.092,0.092,0.418,-0.196,0.107,0.041,58.0,0
140.0,1.175,0.168,0.51,0.452,-0.216,-0.192,-0.105,0.069,-0.25,0.053,1.738,1.253,0.419,0.423,0.561,0.197,-0.408,-0.521,-0.188,-0.102,-0.176,-0.501,0.151,0.018,0.122,0.106,-0.015,0.006,1.29,0
140.0,-4.637,-5.932,-0.227,-2.737,7.673,-0.996,-3.391,1.236,1.129,-1.462,-0.326,0.597,-0.027,0.507,0.819,0.195,-1.173,0.597,-0.503,1.522,0.656,-0.047,0.87,1.021,0.706,-0.207,-0.168,0.218,65.0,0
140.0,-3.223,-1.933,2.923,0.144,0.948,-1.076,0.811,-1.171,1.364,0.676,-0.034,-0.308,-0.035,-1.655,0.505,0.265,-1.002,-0.218,-0.394,-1.787,-0.658,0.984,1.305,0.804,0.686,0.455,-0.373,-1.325,11.0,0
140.0,0.694,-1.134,0.783,-0.593,-1.422,-0.488,-0.272,-0.029,1.353,-1.067,1.649,2.152,1.105,-0.138,0.47,-0.315,-0.391,0.549,0.662,0.479,0.239,0.381,-0.271,0.595,0.392,-0.734,0.051,0.075,257.3,0
140.0,1.008,-1.289,0.667,-0.741,-1.291,0.302,-1.027,0.221,-0.607,0.67,1.254,-0.138,-0.034,-0.143,0.746,1.515,-0.012,-0.628,0.23,0.379,0.531,1.114,-0.26,-0.253,0.299,-0.033,0.018,0.036,169.0,0
141.0,1.18,0.334,0.395,1.191,-0.092,-0.388,0.104,-0.099,-0.116,-0.0,-0.087,0.598,0.668,0.229,1.119,-0.173,-0.231,-0.597,-0.839,-0.12,0.109,0.417,-0.092,0.109,0.621,-0.254,0.038,0.021,9.9,0
142.0,1.211,0.008,0.951,1.138,-0.495,0.301,-0.518,0.095,0.818,-0.226,-1.393,0.667,1.049,-0.583,0.145,0.282,-0.603,0.105,0.099,-0.05,-0.107,-0.057,-0.119,-0.421,0.556,-0.36,0.077,0.032,9.99,0
142.0,1.288,0.086,-1.179,0.064,2.195,3.383,-0.448,0.799,-0.147,0.126,-0.191,-0.0,0.003,0.467,1.124,0.476,-0.973,0.374,-0.103,-0.016,0.017,-0.051,-0.145,1.008,0.833,-0.265,0.021,0.015,4.9,0
143.0,-2.143,2.108,0.213,1.282,-0.733,0.024,-0.073,0.924,-0.357,0.141,-0.711,1.157,1.177,0.3,0.069,-1.032,0.918,-0.791,0.701,-0.113,0.045,0.345,0.013,0.117,0.012,-0.289,-0.474,-0.184,39.95,0
144.0,-1.033,0.681,1.403,-0.53,0.87,1.903,0.033,-0.238,0.845,-0.989,-1.306,1.048,-0.075,-0.9,-3.618,0.087,-0.723,-0.34,-0.489,-0.52,0.412,-0.941,-0.158,-1.735,-0.026,-0.815,0.095,0.127,15.36,0
145.0,1.123,0.223,0.482,1.131,-0.215,-0.201,-0.057,0.087,-0.251,0.195,1.637,0.866,-0.37,0.62,0.504,0.008,-0.356,-0.055,-0.62,-0.175,0.163,0.492,-0.068,0.233,0.533,-0.281,0.028,0.011,9.9,0
145.0,-2.42,1.948,0.554,0.983,-0.282,2.409,-1.402,-0.188,0.676,0.158,-1.225,1.315,0.304,-0.29,-2.015,-0.773,0.697,0.018,2.177,-0.276,1.214,-1.239,0.007,-1.724,0.24,-0.314,-0.188,0.12,6.0,0
145.0,-2.42,1.948,0.554,0.983,-0.282,2.409,-1.402,-0.188,0.676,0.158,-1.225,1.315,0.304,-0.29,-2.015,-0.773,0.697,0.018,2.177,-0.276,1.214,-1.239,0.007,-1.724,0.24,-0.314,-0.188,0.12,6.0,0
145.0,-2.419,1.949,0.553,0.983,-0.285,2.411,-1.399,-0.189,0.676,0.158,-1.225,1.314,0.304,-0.29,-2.015,-0.773,0.697,0.018,2.177,-0.277,1.213,-1.238,0.007,-1.724,0.24,-0.314,-0.187,0.119,6.74,0
145.0,-2.419,1.949,0.553,0.983,-0.285,2.411,-1.399,-0.189,0.676,0.158,-1.225,1.314,0.304,-0.29,-2.015,-0.773,0.697,0.018,2.177,-0.277,1.213,-1.238,0.007,-1.724,0.24,-0.314,-0.187,0.119,6.74,0
147.0,0.913,-0.653,0.298,0.21,-0.197,0.971,-0.449,0.282,0.262,-0.061,0.423,0.693,0.665,0.094,1.039,0.965,-1.051,0.487,0.015,0.299,0.089,-0.077,-0.238,-1.301,0.18,0.47,-0.025,0.028,170.43,0
147.0,-2.688,4.39,-2.36,0.361,1.31,-1.645,2.328,-1.728,4.325,6.286,2.466,-0.727,0.026,-6.577,1.766,-0.652,2.201,0.378,-1.45,3.169,-1.046,-0.157,0.08,-0.013,0.207,-0.537,0.95,-0.624,0.89,0
150.0,-0.4,1.052,1.391,0.093,-0.008,-0.718,0.588,0.086,-0.311,-0.533,0.177,-0.273,-0.686,-0.237,1.201,0.029,0.447,-0.606,-0.567,0.018,-0.225,-0.574,0.057,0.329,-0.303,0.084,0.259,0.096,0.89,0
152.0,0.095,-2.558,-1.134,-0.436,0.728,4.09,-0.429,0.897,1.004,-0.674,-0.561,0.42,0.022,-0.274,-0.037,0.287,-0.336,-0.068,0.644,1.28,0.08,-1.039,-0.49,1.108,0.073,0.893,-0.146,0.113,614.87,0
153.0,-0.649,0.741,1.8,0.141,0.051,-0.257,0.92,-0.422,0.591,0.301,-0.173,-0.103,-0.774,-0.59,-0.036,-0.936,0.24,-1.126,-0.131,0.063,-0.229,-0.161,-0.113,0.421,-0.14,0.163,-0.469,-0.351,22.99,0
153.0,-0.904,-0.233,2.581,-0.991,-0.398,0.282,0.239,0.249,0.651,-0.882,0.94,0.398,-1.495,-0.428,-1.308,-0.096,-0.08,-0.432,-0.337,0.05,-0.075,-0.098,0.059,0.245,-0.316,0.754,-0.166,-0.138,71.26,0
154.0,1.191,-0.608,0.069,-0.494,-0.945,-1.391,0.048,-0.468,-1.249,0.571,0.277,0.206,1.408,-0.201,0.359,0.718,0.406,-1.786,0.439,0.374,0.262,0.489,-0.187,0.798,0.631,-0.184,-0.029,0.034,127.69,0
154.0,1.316,0.413,-0.019,0.488,0.132,-0.574,0.147,-0.216,-0.08,-0.314,-0.624,0.558,1.498,-0.562,1.031,0.67,-0.374,-0.164,0.11,0.018,-0.33,-0.891,0.011,-0.478,0.366,0.143,-0.017,0.025,1.98,0
155.0,-0.546,0.878,1.523,-0.243,0.324,0.372,0.447,0.37,-0.631,-0.229,1.714,0.694,-0.316,0.441,0.678,-0.185,-0.068,-0.735,-0.42,0.036,-0.121,-0.269,0.036,-0.313,-0.378,0.114,0.292,0.104,6.45,0
155.0,1.172,0.311,0.314,0.519,-0.058,-0.259,-0.044,0.04,-0.344,-0.18,1.979,1.407,0.872,-0.212,0.563,0.348,-0.022,-0.344,-0.271,-0.054,-0.2,-0.542,0.137,-0.002,0.139,0.104,-0.005,0.019,1.29,0
156.0,0.714,-0.494,1.269,3.011,-0.801,0.929,-0.429,0.285,0.407,0.249,-1.104,0.517,0.07,-0.69,-1.232,-0.247,0.277,-0.743,-0.985,0.167,0.162,0.454,-0.264,0.144,0.483,0.222,0.032,0.056,184.31,0
156.0,-3.495,-2.894,1.638,-0.275,-0.389,-0.703,0.444,0.154,0.696,-0.568,1.042,0.841,-0.239,-0.416,-0.861,0.664,-0.593,0.237,-0.272,0.67,0.017,-0.064,0.676,0.596,0.114,0.835,0.31,0.632,500.0,0
156.0,1.325,-1.139,1.276,-0.208,-1.642,0.697,-1.503,0.298,0.872,0.252,-2.332,0.048,-0.034,-1.266,-1.605,-1.744,0.483,0.998,0.222,-0.498,-0.606,-0.803,-0.027,-0.397,0.246,1.127,0.023,0.012,10.0,0
158.0,-0.601,0.922,-0.136,-1.26,2.44,3.33,0.087,0.95,-0.328,0.062,-0.157,-0.233,-0.053,0.221,1.057,0.506,-0.9,0.082,0.358,0.348,-0.311,-0.927,-0.045,0.98,0.016,0.091,0.371,0.18,1.79,0
158.0,-0.16,-0.612,2.081,-1.048,-1.083,0.254,-0.783,0.264,0.405,-0.232,-2.093,0.465,0.65,-1.514,-2.535,-1.787,0.291,0.852,-0.565,-0.51,-0.365,-0.128,0.163,0.104,-1.287,0.748,0.242,0.237,10.0,0
160.0,1.171,0.475,0.012,1.264,0.116,-0.866,0.554,-0.276,-0.471,0.029,0.252,0.741,0.589,0.48,0.799,-0.592,0.033,-1.012,-0.799,-0.119,0.07,0.279,-0.097,0.426,0.745,-0.275,0.008,0.015,20.0,0
160.0,-1.551,-1.053,0.763,1.335,-2.586,1.942,1.647,0.641,-0.65,-0.894,0.988,0.882,1.058,0.212,1.151,0.722,-0.58,1.213,-0.249,1.433,0.868,1.254,1.572,-0.356,-0.211,-0.23,-0.205,0.039,700.0,0
162.0,1.04,-0.534,1.865,1.145,-1.488,0.59,-1.12,0.383,1.419,-0.343,0.617,1.927,0.448,-1.074,-2.336,-0.375,0.185,-0.049,0.604,-0.054,-0.015,0.431,-0.071,0.638,0.367,0.451,0.054,0.023,22.0,0
164.0,1.212,0.246,0.309,0.585,-0.382,-0.765,-0.068,-0.013,-0.111,-0.091,1.499,0.514,-0.627,0.062,0.478,0.712,-0.213,0.292,0.097,-0.118,-0.245,-0.781,0.125,0.268,0.16,0.08,-0.032,0.019,2.28,0
164.0,-0.433,1.021,2.02,3.003,0.031,0.187,0.851,-0.144,-0.918,0.886,-0.812,-0.338,-0.065,-0.275,0.055,-0.646,0.314,-0.296,1.178,0.471,-0.177,-0.18,0.008,0.383,-0.187,0.1,0.204,-0.018,65.26,0
164.0,0.073,0.551,0.452,0.115,0.823,0.251,0.296,0.139,-0.123,-0.143,-1.653,-0.908,-0.653,0.409,1.491,0.105,-0.403,-0.113,0.777,-0.044,-0.129,-0.382,0.151,-1.364,-1.389,0.075,0.232,0.23,0.99,0
167.0,1.322,0.658,-0.793,0.43,0.418,-0.928,0.181,-0.237,0.02,-1.122,-0.149,0.083,1.194,-2.381,1.241,1.164,1.097,0.789,-0.109,0.07,-0.249,-0.599,-0.138,-0.588,0.499,0.589,-0.014,0.056,1.0,0
167.0,-0.827,1.249,1.024,0.618,0.191,-0.209,0.965,-0.139,-0.626,0.427,1.029,0.424,-0.242,0.425,0.369,-0.013,-0.585,0.158,1.15,-0.091,-0.355,-0.948,0.135,-0.074,-0.732,-0.944,-0.649,-0.369,44.2,0
167.0,-1.329,1.956,1.118,2.318,1.583,0.39,-1.287,-1.324,-1.05,2.033,0.37,0.733,1.208,0.185,0.55,0.434,-0.598,0.534,1.415,0.205,1.287,-1.262,-1.733,-0.792,-0.775,-0.048,0.783,0.404,5.42,0
168.0,1.275,-0.779,1.162,-0.18,-1.533,-0.102,-1.186,0.077,-0.265,0.679,-1.083,-0.303,0.656,-0.399,1.496,-0.503,-0.605,1.913,-1.17,-0.384,-0.154,0.004,-0.04,-0.103,0.13,0.606,0.032,0.037,42.9,0
169.0,-4.067,-5.081,-0.117,-1.313,2.689,2.756,-1.999,1.726,-0.414,-0.769,-1.266,-0.307,0.096,-0.581,-1.597,1.214,0.298,-0.604,0.534,1.877,0.795,0.295,0.43,1.059,0.606,-0.183,-0.058,-0.532,355.51,0
171.0,-0.366,1.007,1.108,-0.429,0.591,0.105,0.603,0.132,-0.636,-0.152,0.325,0.47,0.557,0.187,0.188,0.716,-1.091,0.473,0.741,0.166,-0.25,-0.663,-0.189,-0.846,-0.056,0.125,0.264,0.1,0.89,0
171.0,-0.958,0.248,3.773,3.311,-1.305,1.668,-0.672,0.454,0.555,0.785,0.019,-0.384,-2.207,-0.95,-1.53,-0.478,0.563,0.919,1.557,-0.065,0.107,0.867,-0.432,0.581,-0.016,0.462,-0.179,-0.172,71.69,0
172.0,-1.429,1.794,0.546,-0.399,0.674,0.746,-0.358,-4.045,0.232,-0.081,-1.281,-0.487,-1.011,0.297,0.515,0.229,-0.517,-0.118,-1.234,-1.013,3.845,-1.094,0.257,-0.87,0.252,-0.453,0.055,-0.153,2.29,0
172.0,1.265,0.168,-0.275,0.221,0.459,0.469,-0.173,0.209,-0.029,-0.134,0.535,0.179,-0.376,0.003,0.823,0.806,-0.421,0.273,0.241,-0.106,-0.305,-0.909,-0.009,-1.377,0.267,0.192,-0.017,0.002,1.29,0
179.0,-0.431,0.891,1.721,-0.238,0.273,-0.97,1.25,-0.484,-0.871,-0.346,-0.009,0.168,0.715,0.018,1.032,-0.38,-0.043,-0.858,1.167,0.291,-0.413,-1.112,-0.058,0.43,-0.063,0.724,-0.211,-0.161,27.99,0
180.0,-0.783,1.018,1.506,0.921,0.759,0.392,1.358,-0.666,1.071,1.703,-0.812,-0.914,-1.234,-0.857,0.551,-1.402,0.06,-0.548,0.859,0.664,-0.41,0.146,-0.248,-0.452,0.014,-0.282,0.118,-0.508,23.63,0
180.0,1.294,-0.763,0.111,-0.535,-1.134,-0.938,-0.478,-0.042,-0.686,0.801,0.996,-0.961,-2.421,0.477,-0.69,0.774,0.579,-0.945,1.03,-0.022,0.212,0.432,-0.157,0.526,0.639,-0.091,-0.035,-0.003,48.0,0
181.0,-0.724,0.154,1.263,0.965,-0.027,2.285,1.892,-0.141,-0.111,-0.148,0.412,0.06,-0.302,-0.243,1.51,-1.798,0.981,-2.15,-0.885,-0.013,-0.079,0.424,0.206,-0.966,-0.762,-0.437,-0.051,-0.381,318.5,0
181.0,1.137,-0.104,0.905,0.488,-0.679,0.04,-0.581,0.271,0.257,0.068,1.445,0.506,-0.85,0.464,0.963,0.522,-0.463,0.029,-0.387,-0.166,-0.018,-0.093,0.12,-0.001,0.026,0.229,0.0,0.011,6.47,0
183.0,0.727,-0.528,0.05,1.374,-0.124,0.416,0.26,0.085,-0.003,-0.062,0.907,1.228,0.087,0.251,-0.766,-0.412,-0.112,-0.357,-0.025,0.286,0.062,-0.102,-0.308,-0.271,0.604,-0.334,-0.004,0.041,224.97,0
183.0,-0.598,1.264,1.41,1.695,0.392,0.193,1.118,-0.051,-1.717,0.457,0.856,0.594,0.822,0.189,-0.531,0.753,-1.012,0.379,-0.436,-0.015,0.143,0.318,-0.199,0.014,0.151,-0.016,-0.072,0.034,75.83,0
184.0,1.199,0.366,0.428,0.618,-0.343,-0.846,0.042,-0.115,-0.361,-0.137,1.949,1.41,0.895,-0.236,0.292,0.579,-0.227,0.033,0.009,-0.025,-0.213,-0.616,0.132,0.517,0.185,0.062,-0.022,0.024,1.98,0
184.0,-0.143,0.744,1.534,1.062,0.208,-0.839,0.524,-0.295,-0.479,-0.006,-0.121,-0.564,-0.353,-0.337,1.88,-0.324,0.541,0.139,1.593,0.271,-0.205,-0.461,0.047,0.339,-0.779,0.234,-0.024,-0.05,1.98,0
185.0,-0.241,1.089,0.704,-0.266,0.693,-0.179,0.685,0.021,-0.286,-0.509,-1.479,-0.592,0.27,-0.495,1.006,0.795,-0.495,0.33,0.437,0.155,-0.356,-0.954,-0.184,-1.071,0.023,0.159,0.243,0.084,4.65,0
187.0,0.066,0.876,1.094,1.556,-0.072,-0.672,0.57,-0.144,-0.609,0.122,-0.478,-0.349,-0.276,0.47,1.62,-0.638,0.179,0.264,1.333,0.127,0.16,0.498,-0.043,0.398,-0.358,-0.186,0.136,0.099,23.32,0
188.0,1.168,0.32,0.59,1.045,-0.377,-0.677,0.054,-0.088,-0.304,0.147,1.611,1.278,0.483,0.429,0.244,0.284,-0.684,0.193,-0.165,-0.092,0.02,0.067,-0.017,0.532,0.502,-0.471,0.022,0.019,8.09,0
190.0,-1.506,-0.215,1.991,-1.631,-0.636,0.228,-0.034,0.043,-0.235,0.165,-1.518,-0.317,1.121,-1.525,-1.219,1.063,0.044,-1.341,0.716,0.233,-0.102,0.148,-0.45,-0.397,0.554,-0.34,-0.336,-0.413,82.29,0
190.0,-0.914,0.162,0.541,-1.932,0.235,-0.209,0.771,-0.407,-1.375,0.311,-1.716,-0.154,1.923,-0.484,0.195,-0.826,-0.903,1.214,-0.74,-0.592,-0.383,-0.547,-0.32,-0.928,-0.08,0.909,-0.287,0.14,99.95,0
190.0,0.076,1.027,0.835,1.209,0.108,0.466,-0.331,-1.62,-0.437,0.061,-0.431,0.537,0.943,0.319,1.597,-0.328,0.017,-0.408,0.243,-0.259,1.491,-0.532,-0.18,-0.423,0.775,-0.172,0.265,0.23,20.0,0
190.0,0.804,-0.572,1.048,1.168,-0.702,1.0,-0.693,0.484,0.577,-0.097,1.366,0.946,-0.534,0.128,0.499,-0.113,-0.06,-0.114,-0.902,0.029,0.301,0.778,-0.145,-0.277,0.272,-0.227,0.072,0.039,127.75,0
190.0,-0.549,0.677,2.152,1.015,-0.62,0.076,0.042,0.343,0.125,-0.048,0.738,0.197,-1.35,0.096,-0.392,-0.286,-0.041,0.837,0.777,0.105,0.212,0.85,-0.186,0.545,-0.131,-0.196,0.422,0.203,20.7,0
192.0,-0.351,1.184,0.531,0.544,0.798,-0.804,1.563,-0.936,0.634,2.304,1.399,-0.319,-1.411,-0.155,0.278,-0.706,-0.78,0.354,0.619,0.596,-0.122,0.668,-0.057,0.301,-0.731,-0.539,-0.037,-0.48,1.79,0
193.0,-0.923,0.842,2.078,1.373,0.667,0.779,0.609,0.402,-1.088,-0.097,0.45,0.397,-0.542,0.015,-1.672,0.455,-0.567,-0.385,-1.088,-0.106,-0.127,-0.458,-0.067,-0.351,0.039,-0.291,0.059,0.09,37.2,0
194.0,-1.132,1.016,0.736,1.167,0.79,-1.187,0.736,-0.328,-0.556,-0.455,0.023,-0.186,0.395,-1.309,1.22,0.116,0.863,0.65,0.318,-0.266,0.01,0.316,0.054,0.294,0.004,-0.314,-0.1,0.123,1.0,0
194.0,-0.773,-0.191,2.405,-1.8,-0.397,0.199,0.258,-0.342,-0.07,1.181,1.465,-0.105,-0.233,-1.397,-1.217,0.568,0.037,-1.273,-0.09,0.436,0.235,1.448,-0.321,0.271,-0.068,-0.267,-0.127,-0.392,32.77,0
194.0,-0.931,0.826,0.168,-0.077,2.966,4.1,-0.147,-1.111,-0.023,0.395,-0.475,-0.181,-0.347,-0.253,0.066,-0.636,-0.326,0.141,1.207,-0.182,1.317,-0.701,-0.218,0.996,0.293,-0.318,-0.221,-0.301,5.99,0
196.0,-0.278,0.866,-0.301,-1.117,2.542,3.271,0.117,0.935,-0.504,-0.445,-0.01,-0.333,-0.08,-0.259,1.098,0.715,-0.483,0.324,0.283,0.221,-0.321,-1.006,-0.055,0.936,-0.008,0.088,0.248,0.091,0.89,0
196.0,1.199,-0.42,0.015,-0.271,-0.471,-0.385,-0.084,-0.078,-1.538,0.846,1.513,0.859,0.411,0.53,0.147,-1.574,0.024,0.499,-0.74,-0.402,-0.63,-1.504,0.194,-0.017,0.058,0.145,-0.035,0.011,63.9,0
199.0,-0.924,0.569,1.244,-0.597,1.085,-0.377,0.568,-0.009,-0.247,-0.201,1.325,0.358,-0.379,-0.402,0.075,0.558,-0.462,-0.047,-0.728,-0.018,-0.216,-0.433,-0.084,-0.364,-0.6,-0.114,0.102,-0.033,6.45,0
199.0,1.029,-0.516,1.292,0.365,-1.278,-0.196,-0.61,0.112,1.075,-0.538,-0.0,1.135,0.425,-0.593,-0.145,-0.588,0.587,-1.32,-0.114,0.016,-0.133,-0.181,0.122,0.698,-0.008,0.932,-0.023,0.027,61.18,0
199.0,1.188,-0.141,0.563,0.766,0.151,1.597,-0.742,0.459,0.669,-0.09,-0.329,0.956,0.741,-0.34,-0.2,0.462,-0.878,0.486,0.368,-0.065,-0.091,-0.023,-0.207,-1.686,0.56,-0.292,0.086,0.008,9.99,0
200.0,-0.305,-0.521,1.341,-0.256,-1.121,0.918,0.174,0.359,1.208,-1.115,0.793,0.947,-0.638,-0.051,0.548,-1.547,0.733,0.492,2.642,0.49,0.124,0.406,0.418,-0.306,-0.488,-0.56,0.171,0.107,196.7,0
200.0,-1.269,-1.027,2.261,-0.504,0.693,1.238,0.056,0.092,-0.677,0.33,0.426,0.485,0.796,-0.911,0.715,-2.745,0.679,-0.7,-3.464,-0.528,-0.132,0.697,0.289,-0.644,0.027,-0.33,-0.292,-0.382,79.0,0
204.0,0.861,-0.247,0.754,1.185,-0.486,0.241,-0.198,0.136,-0.139,0.07,1.631,1.423,0.929,0.19,0.689,0.336,-0.634,0.158,-0.741,0.177,0.285,0.612,-0.176,0.048,0.379,-0.305,0.038,0.044,137.3,0
204.0,-0.938,0.105,1.31,-0.868,0.451,-1.438,0.651,0.028,-0.589,-0.556,1.156,-0.218,-2.049,0.897,-0.277,0.463,-0.501,-0.221,0.012,0.004,-0.237,-1.151,0.262,0.475,-0.517,0.427,-0.058,0.108,39.94,0
204.0,-0.188,0.878,-0.735,-0.913,1.942,4.037,-1.707,-2.538,-0.59,-0.763,-0.154,0.253,-0.28,0.884,1.084,0.827,-0.725,-0.001,-0.001,0.543,-0.824,-1.042,0.168,0.964,0.888,0.171,0.012,0.165,1.98,0
205.0,1.182,0.059,0.311,0.829,0.341,1.113,-0.293,0.287,0.268,-0.088,0.151,1.316,0.93,-0.138,-0.522,0.095,-0.626,-0.174,0.488,-0.061,-0.338,-0.777,-0.056,-1.357,0.476,-0.547,0.063,0.008,12.99,0
206.0,-1.5,1.06,0.497,1.006,-0.673,-0.49,1.102,-0.085,-0.599,-0.073,-0.528,0.193,0.572,0.369,1.038,-0.145,-0.131,0.056,0.507,-0.635,0.083,0.61,0.258,0.427,-0.146,-0.349,-0.215,-0.028,153.91,0
206.0,-1.427,-0.528,2.46,-2.807,-0.457,-1.366,0.516,-0.133,1.654,-1.862,-0.375,0.348,-0.476,-0.591,0.227,-0.054,-0.643,0.108,-0.995,0.333,0.176,0.576,-0.112,0.753,0.675,-0.162,0.058,-0.086,101.0,0
206.0,-0.371,0.6,0.217,-0.513,2.697,3.883,0.296,0.85,-0.297,0.192,-0.925,-0.369,-0.378,-0.494,-1.481,0.684,-1.048,-0.257,-0.86,0.114,-0.148,-0.176,-0.121,1.042,-0.392,0.675,0.164,-0.005,10.27,0
209.0,-5.852,5.267,-1.762,-1.441,-0.989,-0.672,0.076,0.774,3.58,6.511,1.276,0.837,0.377,-1.615,0.535,0.417,-0.542,0.228,-0.244,2.983,-0.911,-1.205,0.216,-0.498,1.126,0.201,2.469,1.573,8.97,0
209.0,-0.743,0.563,1.207,0.912,1.054,0.575,0.216,0.254,-0.435,-0.048,0.253,0.432,-0.43,0.21,-0.529,-0.655,-0.011,0.075,1.09,-0.119,-0.007,0.166,-0.37,-0.793,-0.015,-0.251,0.086,0.089,1.19,0
209.0,1.229,0.092,-0.268,0.749,0.449,0.454,-0.013,0.099,-0.069,0.222,-0.324,0.017,-0.3,0.542,0.476,0.948,-1.336,0.963,0.505,-0.027,-0.099,-0.41,-0.272,-1.42,0.702,-0.336,0.003,0.004,45.0,0
209.0,-0.572,0.375,0.924,-0.954,0.754,0.139,1.451,-0.552,-0.126,0.068,0.351,0.225,0.448,-0.362,-0.297,0.829,-1.647,0.56,-0.203,-0.128,-0.03,0.335,-0.192,-0.79,0.11,0.31,-0.505,-0.498,95.56,0
209.0,-0.429,0.699,1.589,1.297,0.119,0.214,0.387,0.277,-0.483,-0.091,1.011,0.189,-1.619,0.533,-0.354,-1.013,0.534,-0.073,0.978,-0.055,0.073,0.325,-0.102,0.214,-0.251,-0.267,0.169,0.134,13.99,0
210.0,1.294,0.338,-0.043,0.502,0.072,-0.583,0.124,-0.187,0.002,-0.303,-0.718,0.265,0.949,-0.449,1.093,0.697,-0.342,-0.094,0.11,0.005,-0.329,-0.942,0.008,-0.492,0.343,0.144,-0.022,0.025,12.99,0
211.0,0.264,-1.813,-0.311,0.413,-0.795,0.196,0.417,-0.063,0.345,-0.364,0.38,0.911,0.133,0.119,-0.675,0.338,-0.451,-0.001,0.858,1.011,0.003,-1.042,-0.481,-0.415,0.112,0.82,-0.169,0.078,526.96,0
211.0,-0.248,-0.283,1.653,-1.015,-0.68,0.886,-0.538,0.378,-1.231,0.523,0.605,-0.924,-0.363,-0.142,1.12,1.19,0.176,-0.107,1.599,0.374,0.546,1.401,-0.134,-0.811,-0.349,0.093,0.166,0.13,70.0,0
213.0,-0.263,0.959,0.286,0.604,3.229,3.8,0.715,0.429,-1.155,0.873,-0.341,-0.793,-0.16,-0.057,0.43,0.611,-1.3,0.28,-0.447,0.14,-0.015,0.059,-0.292,0.993,-0.129,-0.111,-0.34,-0.31,4.38,0
215.0,1.088,-0.144,1.374,1.287,-1.101,-0.017,-0.706,0.267,0.735,-0.012,0.959,0.826,-0.864,0.005,-0.452,0.251,-0.379,0.462,0.005,-0.173,-0.004,0.112,0.014,0.512,0.33,-0.437,0.063,0.029,12.99,0
217.0,-2.421,-1.37,2.261,2.011,1.879,-1.276,-1.251,0.213,0.143,0.001,-0.505,-0.032,-0.977,0.028,0.462,-1.194,0.863,-0.607,0.801,-0.412,-0.09,0.158,-0.625,0.487,0.271,-0.093,0.33,-0.056,24.0,0
218.0,-0.392,1.106,0.788,0.511,0.833,0.152,0.588,0.313,-0.773,-0.869,1.881,0.063,-1.071,-0.702,0.742,0.046,1.017,0.306,-0.865,-0.156,0.122,0.365,-0.214,-0.422,0.045,-0.323,0.081,0.038,1.0,0
218.0,-1.046,0.486,1.569,0.161,0.862,0.523,0.766,0.093,-0.037,-0.185,1.063,0.376,-1.423,0.075,-1.04,-0.709,-0.034,-0.759,-0.962,-0.377,0.013,0.36,-0.076,-0.318,-0.073,-0.533,-0.241,-0.125,17.56,0
218.0,1.202,-0.034,0.697,0.957,-0.006,1.095,-0.575,0.243,0.788,-0.283,-1.6,0.792,1.548,-0.671,0.391,0.133,-0.551,-0.213,-0.053,-0.031,-0.11,-0.012,-0.167,-1.295,0.571,-0.297,0.095,0.024,12.99,0
220.0,-0.592,0.786,2.807,2.935,-0.357,1.128,-0.225,0.515,-0.758,0.523,0.104,-0.253,-1.288,-0.076,-0.644,-0.059,0.172,0.695,1.666,0.135,-0.105,-0.217,-0.191,-0.033,-0.001,0.2,0.11,0.084,18.96,0
220.0,1.219,0.054,-0.18,0.681,0.522,0.893,-0.201,0.333,0.1,0.194,-0.234,-0.442,-1.489,0.803,0.867,0.789,-0.996,0.394,0.292,-0.179,-0.365,-1.199,-0.025,-1.825,0.335,-0.589,0.02,0.001,22.58,0
221.0,-0.343,-0.2,1.976,-0.003,-1.17,0.884,-0.152,0.16,0.138,-0.06,-2.201,0.852,1.479,-1.654,-2.75,-1.814,-0.022,1.103,-1.018,-0.572,-0.313,0.086,0.11,-0.099,-0.943,-0.619,0.253,0.24,99.82,0
221.0,-1.178,0.319,1.727,-0.55,0.737,-0.051,0.555,-0.042,0.22,-0.262,-0.144,-0.576,-2.129,0.045,-1.132,0.311,-0.74,0.327,0.377,-0.321,-0.279,-0.641,-0.555,-0.511,0.403,0.178,-0.355,-0.233,25.36,0
222.0,-0.353,0.976,1.603,-0.282,0.481,-0.223,0.85,-0.265,-0.283,-0.16,-0.9,0.285,1.585,-0.491,0.856,0.363,-0.937,-0.014,0.221,0.305,-0.139,-0.062,-0.232,-0.413,-0.181,0.201,0.179,-0.035,7.81,0
222.0,1.087,0.045,0.476,1.344,-0.303,0.004,-0.096,0.183,0.193,0.074,1.144,0.663,-1.421,0.51,-0.679,-0.53,0.154,-0.403,-0.15,-0.24,-0.044,-0.008,-0.044,0.213,0.563,-0.34,0.027,0.007,18.61,0
222.0,-0.444,0.981,1.234,0.099,-0.051,-0.927,0.863,-0.097,-0.442,-0.556,-0.176,0.023,0.336,-0.465,0.875,0.382,-0.006,-0.145,-0.104,0.239,-0.231,-0.677,0.1,0.334,-0.133,0.07,0.229,0.103,49.99,0
222.0,1.081,-0.139,0.484,0.642,-0.187,0.538,-0.303,0.316,0.277,-0.102,1.397,1.05,-0.704,0.295,-0.345,-0.651,0.376,-1.057,-0.216,-0.187,-0.124,-0.19,0.058,-0.269,0.254,0.312,0.002,-0.003,17.24,0
225.0,1.479,-0.551,-0.523,-0.831,-0.195,-0.289,-0.279,-0.206,-0.648,0.577,-1.763,-1.01,0.143,-0.257,-0.115,0.941,0.12,-1.189,1.335,0.131,0.071,0.211,-0.356,-0.954,0.963,0.019,-0.016,-0.006,34.0,0
225.0,-0.609,0.877,2.496,3.139,0.161,-0.107,0.516,-0.138,-1.035,0.852,-0.251,0.42,1.034,-0.555,0.068,-0.681,0.366,-0.584,1.052,0.555,-0.263,-0.439,-0.007,0.717,0.2,0.072,0.1,-0.137,35.11,0
227.0,-1.465,1.382,1.02,0.25,1.011,-1.282,1.187,-0.313,-0.702,-1.067,0.206,0.315,1.298,-1.952,0.411,0.623,0.534,0.486,-1.096,0.005,-0.038,0.083,-0.266,0.271,0.754,-0.492,-0.69,-0.329,1.0,0
227.0,1.121,-0.313,0.395,0.597,-0.42,0.326,-0.404,0.283,0.63,-0.066,0.582,0.292,-1.696,0.329,-0.639,-0.283,0.104,-0.236,0.278,-0.183,-0.039,0.006,-0.109,-0.283,0.441,0.58,-0.026,-0.007,29.95,0
228.0,1.106,0.333,0.184,1.277,-0.078,-0.811,0.459,-0.171,-0.291,-0.0,0.172,0.337,-0.353,0.648,0.957,-0.391,0.064,-1.202,-0.641,-0.127,-0.283,-0.91,0.149,0.349,0.322,-0.671,0.006,0.028,45.3,0
230.0,-0.42,0.815,1.513,1.293,0.138,0.223,1.088,-0.15,-0.216,0.036,-0.489,0.181,0.084,-0.236,0.224,-1.301,0.506,-0.712,0.708,0.37,-0.044,0.314,-0.034,0.097,-0.08,-0.255,0.244,-0.013,79.18,0
231.0,-0.962,0.743,1.174,-0.223,0.741,1.74,0.313,0.699,0.355,-0.333,-0.566,-0.409,-1.512,0.106,0.879,-1.477,1.134,-2.143,-0.982,0.006,-0.153,-0.012,-0.039,-1.504,-0.248,0.411,0.497,0.207,26.98,0
231.0,0.283,0.819,1.054,0.348,-0.157,-0.509,0.05,-0.908,-0.407,-0.611,0.61,0.967,1.168,-0.42,1.124,0.076,0.369,-0.975,-0.803,-0.165,0.509,-0.962,0.04,0.381,0.754,0.179,0.052,0.114,1.98,0
234.0,-0.602,0.479,0.55,-1.07,-0.502,0.215,-0.14,0.558,-1.914,0.396,1.501,-0.347,-0.717,0.662,0.471,0.252,1.111,-1.558,0.979,-0.047,0.434,1.039,-0.025,-0.261,-0.457,-0.118,-0.074,0.055,42.81,0
235.0,-0.664,-0.044,1.029,-2.498,-1.35,-0.799,-0.581,0.481,-2.517,0.962,0.656,-0.76,-0.523,0.213,-0.783,0.11,0.192,0.696,-0.569,-0.358,-0.052,0.071,0.039,0.276,-0.33,-0.424,0.252,0.134,25.0,0
236.0,-1.169,1.096,0.67,1.053,0.422,0.703,0.039,0.672,-0.457,0.096,0.157,0.565,-0.333,0.457,-0.393,-0.655,0.242,0.144,1.361,-0.116,-0.011,0.224,0.001,-0.808,0.036,-0.198,0.091,0.076,0.99,0
236.0,-0.438,1.028,1.456,-0.23,0.199,-0.358,0.659,0.06,-0.742,-0.167,1.123,0.907,0.717,0.177,0.094,0.459,-0.806,0.166,0.423,0.174,-0.188,-0.485,-0.074,-0.003,-0.154,0.072,0.264,0.109,7.14,0
237.0,1.26,-0.02,-1.164,0.266,2.185,3.607,-0.437,0.849,0.172,-0.019,-0.542,0.236,-0.223,0.192,-0.151,-0.101,-0.511,-0.076,0.363,-0.036,-0.182,-0.482,-0.128,1.01,0.893,-0.327,0.025,0.013,9.99,0
237.0,-0.473,0.48,1.529,-0.098,-0.006,-0.773,0.668,-0.03,0.058,-0.807,-0.949,0.012,-0.531,-0.15,-0.773,-0.085,-0.19,-0.574,-0.335,-0.085,-0.143,-0.414,-0.038,0.399,0.115,0.121,-0.044,0.002,32.51,0
238.0,-0.992,1.627,0.96,0.092,-0.238,-0.551,0.109,-0.378,-0.694,-0.745,0.339,0.937,1.215,-0.265,0.942,0.072,0.572,-0.781,-0.601,-0.134,0.602,-0.693,0.21,0.365,-0.195,0.087,0.184,0.043,8.99,0
239.0,1.168,-0.318,0.502,0.034,-0.584,0.025,-0.414,0.186,0.606,-0.221,1.116,0.942,-0.744,0.112,-0.686,-0.434,0.251,-0.597,0.395,-0.138,-0.041,0.092,-0.038,0.116,0.32,1.125,-0.059,-0.014,10.0,0
241.0,-1.142,0.626,2.527,2.828,0.619,0.897,0.536,-0.06,-0.814,1.427,1.2,0.094,-0.634,-0.321,-0.118,-0.722,0.241,-0.265,1.23,0.264,-0.31,-0.269,0.177,-0.02,0.049,0.069,-0.247,-0.231,10.62,0
241.0,-2.398,2.023,1.628,-0.54,-0.513,0.238,0.172,0.18,2.125,2.084,-1.466,-0.611,-0.661,-1.216,0.351,0.044,-0.55,0.147,0.264,1.213,-0.444,-0.358,-0.294,-0.464,0.704,0.43,0.968,0.4,4.81,0
241.0,-0.849,1.02,1.517,0.579,0.539,-0.212,1.347,-0.99,0.904,1.63,-0.295,-1.732,-2.583,-0.256,1.725,-0.921,-0.236,-0.208,0.103,0.066,0.004,0.508,-0.181,0.017,-0.526,-0.481,-1.188,-0.655,12.2,0
241.0,1.182,0.241,0.025,0.886,-0.121,-0.276,-0.142,0.031,0.253,-0.625,1.132,1.126,0.452,-1.517,-0.983,0.367,0.726,0.559,0.393,-0.01,-0.143,-0.172,-0.157,-0.045,0.584,0.413,0.001,0.031,12.31,0
242.0,-0.399,0.942,1.359,0.013,-0.192,-0.824,0.475,0.176,-0.363,-0.283,1.325,-0.396,-2.021,0.181,0.4,0.614,-0.053,0.538,0.135,-0.012,-0.222,-0.704,0.021,0.429,-0.286,0.049,0.229,0.086,2.69,0
244.0,-1.119,-0.071,2.808,1.026,-0.101,0.509,0.62,-0.213,0.333,-0.075,-0.346,-0.232,-0.162,-0.698,1.246,-0.514,-0.052,-0.123,0.217,0.101,-0.046,0.456,0.171,0.076,0.198,-0.287,-0.231,-0.405,100.37,0
246.0,-1.077,2.141,1.153,2.459,0.577,0.846,0.016,-2.764,-1.115,1.438,-1.015,0.075,1.623,-0.271,1.075,-0.022,-0.333,0.27,0.998,-0.238,2.429,-0.245,0.063,-0.449,-0.236,0.234,-0.296,-0.055,1.5,0
246.0,1.311,0.075,-1.293,-0.483,2.139,3.182,-0.505,0.805,-0.074,-0.217,0.132,-0.028,0.011,-0.113,1.3,0.813,-0.495,0.166,0.175,0.033,-0.343,-1.149,0.095,0.946,0.37,0.111,-0.022,0.024,1.98,0
246.0,-1.069,1.24,0.545,1.005,-0.026,-0.911,0.422,0.049,-0.565,0.144,-0.324,0.862,1.646,0.103,0.886,-0.28,-0.199,-0.101,0.374,-0.134,0.147,0.603,0.133,0.427,-0.084,-0.417,-0.898,-0.462,2.98,0
247.0,-0.686,0.554,2.015,-0.561,0.683,0.002,0.804,-0.155,0.34,-0.964,-1.604,0.617,1.384,-1.028,-1.286,0.534,-1.321,0.045,-1.494,-0.051,0.114,0.643,-0.422,-0.412,0.359,-0.545,-0.04,-0.097,18.94,0
248.0,-0.217,0.901,1.503,0.812,0.194,-0.031,0.491,0.121,-0.907,-0.106,1.751,1.12,0.592,0.365,0.611,-0.35,-0.174,-0.026,0.236,0.023,0.147,0.463,-0.045,0.224,-0.275,-0.415,0.109,0.053,10.0,0
249.0,-0.788,1.125,0.934,1.156,-0.029,0.489,0.067,0.775,-0.508,-0.124,0.416,0.216,-1.4,0.765,-0.357,-0.746,0.502,0.119,1.139,-0.023,0.026,0.204,-0.129,-0.32,-0.095,-0.214,0.292,0.121,13.28,0
250.0,-1.337,1.109,1.396,0.039,0.52,-0.259,0.806,-0.016,0.425,0.608,0.32,-0.093,-1.715,-0.06,-1.384,-0.081,-0.659,0.267,-0.128,0.137,-0.2,-0.116,-0.399,-0.035,0.445,-0.489,0.26,0.066,5.96,0
251.0,1.207,0.143,-0.132,0.902,0.22,-0.028,0.099,0.002,0.167,-0.015,-1.073,-0.471,-0.752,0.549,1.333,0.046,-0.402,-0.213,-0.416,-0.149,0.006,-0.0,-0.187,-0.777,0.687,-0.247,0.018,0.011,31.8,0
251.0,1.072,-0.25,0.19,0.191,-0.616,-1.074,0.214,-0.323,0.046,-0.192,-0.146,0.572,0.892,0.109,0.977,0.209,-0.348,-0.46,-0.088,0.214,0.096,0.089,-0.16,0.487,0.366,1.056,-0.101,0.023,120.0,0
251.0,-0.239,-0.147,0.829,-1.777,-0.08,-0.748,0.404,-0.104,-0.753,0.663,0.283,-1.554,-2.657,0.112,-1.366,1.003,-0.019,-0.681,0.593,0.109,0.219,0.729,-0.164,-0.02,-0.326,-0.349,0.204,-0.005,24.0,0
252.0,-2.395,-1.545,1.919,1.063,-0.628,1.155,-0.862,1.089,-1.341,0.201,0.824,1.088,0.54,-0.071,-0.386,-2.407,1.103,1.036,-0.147,0.561,-0.121,-0.474,0.453,-0.324,0.105,-0.219,0.262,-0.123,231.71,0
256.0,-1.377,0.715,2.508,0.865,-0.29,1.077,0.033,0.511,0.718,-0.256,0.316,0.76,-1.439,-0.593,-2.397,-1.073,0.616,-0.581,0.715,-0.125,-0.342,-0.607,-0.1,-0.009,0.328,-0.507,-0.032,0.14,13.53,0
256.0,-0.472,0.523,1.949,0.996,0.379,-0.577,0.521,-0.129,-0.705,0.187,1.502,0.665,-0.019,0.251,0.422,-0.006,-0.544,0.314,0.692,0.2,-0.099,-0.287,0.151,0.49,-0.725,-0.742,0.005,-0.046,18.45,0
257.0,-0.599,0.888,1.579,-0.114,0.305,-0.183,0.504,0.241,-0.723,-0.627,1.466,-0.015,-1.229,0.103,0.589,0.308,0.135,0.091,-0.039,-0.088,-0.138,-0.525,-0.058,-0.059,-0.32,0.089,0.059,0.098,1.98,0
258.0,1.131,0.178,0.533,1.479,-0.343,-0.38,0.063,-0.022,0.313,-0.119,-0.294,0.481,-0.484,0.146,-0.085,-0.804,0.4,-1.048,-0.491,-0.209,-0.08,-0.022,-0.023,0.4,0.607,-0.332,0.037,0.02,13.79,0
259.0,-0.943,0.206,1.626,1.108,0.876,-1.216,0.271,-0.089,-0.756,-0.262,-0.379,0.119,0.453,0.259,1.139,-0.331,-0.146,0.063,0.46,0.312,0.151,0.188,-0.149,0.407,0.645,-0.193,-0.029,0.005,20.17,0
259.0,1.095,-0.014,1.409,1.267,-0.945,0.03,-0.599,0.175,0.485,-0.059,1.24,1.704,0.789,-0.325,-0.633,0.174,-0.475,0.259,-0.005,-0.072,0.013,0.248,-0.003,0.57,0.387,-0.442,0.075,0.032,9.99,0
259.0,-1.569,-1.932,1.249,-4.434,1.244,0.403,-0.65,0.535,0.886,-1.276,1.525,1.287,-0.304,-0.149,0.514,-3.133,0.472,0.11,-2.321,-0.179,-0.075,0.397,0.199,-1.386,-0.142,-0.984,0.274,-0.02,55.45,0
259.0,-0.364,1.104,1.301,0.07,0.075,-1.01,0.683,-0.073,-0.402,-0.508,-0.199,-0.038,0.189,-0.442,0.887,0.378,0.006,-0.147,-0.091,0.123,-0.261,-0.685,-0.014,0.336,-0.158,0.072,0.246,0.099,0.99,0
260.0,1.456,-0.928,0.353,-1.378,-1.233,-0.6,-0.818,-0.186,-2.054,1.363,-0.074,-0.324,1.278,-0.378,0.678,-0.764,0.771,-0.774,-0.518,-0.285,-0.306,-0.468,0.119,0.053,0.255,-0.313,0.044,0.022,26.5,0
260.0,1.027,-0.662,0.898,0.144,-1.105,0.02,-0.707,0.196,0.743,-0.119,0.741,0.603,-0.422,-0.043,0.09,0.695,-0.59,0.572,0.33,0.113,0.151,0.322,-0.155,0.098,0.175,1.103,-0.061,0.017,99.0,0
260.0,1.075,-0.335,1.68,1.192,-1.271,0.313,-0.871,0.235,1.315,-0.478,-0.371,1.507,0.849,-1.068,-1.106,-0.942,0.71,-1.057,-0.295,-0.113,0.093,0.815,-0.055,0.731,0.431,0.58,0.063,0.026,5.46,0
261.0,1.26,0.299,0.528,0.615,-0.421,-0.978,0.108,-0.245,-0.058,-0.086,-0.098,0.732,0.997,0.104,0.957,0.27,-0.461,-0.626,-0.124,-0.049,-0.249,-0.688,0.128,0.399,0.24,0.092,-0.025,0.021,1.98,0
263.0,1.144,0.128,0.407,1.161,-0.505,-0.905,0.112,-0.152,0.18,0.001,-0.512,-0.234,-0.815,0.513,1.121,0.219,-0.424,-0.052,-0.382,-0.102,-0.036,-0.222,-0.05,0.345,0.496,-0.44,0.008,0.032,49.99,0
265.0,-0.294,-0.044,1.093,-1.576,-0.107,-0.791,0.291,-0.093,-1.406,0.061,-0.464,-0.111,0.566,-0.045,0.383,-1.458,-0.035,0.466,-1.726,-0.452,-0.236,-0.286,0.069,0.108,-0.385,0.866,-0.018,0.04,24.84,0
265.0,-0.561,0.509,1.428,1.262,0.617,-0.227,0.408,0.078,-0.332,-0.328,-0.667,0.265,-0.046,0.03,0.006,-1.11,0.506,-0.708,0.438,0.061,0.063,0.309,-0.037,0.099,-0.259,-0.319,0.185,0.168,13.08,0
265.0,-0.491,0.907,1.645,-0.084,-0.196,-0.71,0.559,0.116,-0.538,-0.122,1.333,0.242,-0.961,0.526,0.229,0.377,-0.52,0.186,0.231,0.063,-0.168,-0.517,0.019,0.492,-0.278,0.044,0.253,0.112,9.03,0
265.0,0.074,1.051,-0.281,0.854,1.066,1.219,-1.226,-2.262,-0.584,-1.419,0.959,0.89,0.276,-0.614,1.838,-0.601,1.919,-1.534,-2.48,0.421,-1.15,0.871,-0.267,-1.049,0.233,-0.262,0.188,0.231,1.0,0
266.0,-2.565,2.471,2.649,-1.564,1.794,-0.615,4.186,-3.855,5.437,8.737,1.683,-1.31,-0.052,-4.891,1.608,-1.666,-2.436,-1.169,-0.428,3.564,-1.673,-0.463,-0.532,0.306,0.227,-0.365,-0.937,-2.734,10.35,0
266.0,1.29,-0.694,0.987,-0.627,-1.562,-0.613,-0.949,0.069,-0.744,0.826,1.277,0.281,-0.368,0.219,0.578,-0.72,-0.341,1.582,-0.668,-0.485,-0.412,-0.812,0.218,0.515,-0.174,0.828,-0.039,0.013,14.9,0
266.0,0.983,-0.229,0.003,1.444,0.201,0.637,0.012,0.129,-0.362,0.446,-1.54,-0.838,-0.455,0.329,1.149,1.072,-0.738,-0.564,-0.499,0.168,-0.315,-1.347,-0.034,-1.36,-0.005,0.706,-0.092,0.024,154.4,0
267.0,0.992,-0.658,1.029,0.333,-1.234,-0.322,-0.445,-0.022,1.067,-0.529,-0.656,1.019,0.823,-0.695,-0.379,-0.143,0.099,-0.716,0.426,0.207,-0.156,-0.406,-0.03,0.495,0.123,0.928,-0.05,0.036,122.36,0
267.0,-0.071,2.115,-3.598,0.159,3.544,2.367,0.727,0.336,0.773,0.835,1.229,-0.986,-0.345,-4.143,1.412,0.896,2.076,1.832,-0.181,0.997,-0.455,-0.531,0.046,0.635,-0.093,-0.419,0.463,-0.139,2.28,0
268.0,1.146,0.286,0.562,1.459,-0.226,-0.346,0.132,-0.085,0.136,-0.15,-0.096,1.102,0.686,-0.089,-0.214,-0.859,0.332,-1.192,-0.496,-0.149,-0.071,0.076,-0.031,0.445,0.65,-0.336,0.046,0.021,6.54,0
269.0,1.321,-1.174,0.713,-2.178,-1.511,0.059,-1.308,0.299,0.789,-0.2,0.835,0.506,-0.892,0.084,0.872,-1.856,0.163,1.67,0.061,-0.577,-0.354,-0.365,0.065,-0.322,0.153,-0.003,0.075,0.011,2.6,0
269.0,-0.334,0.827,2.208,0.471,-0.534,-0.703,0.287,-0.04,-0.398,-0.366,-0.069,0.225,0.566,-0.057,1.364,0.08,-0.194,-0.029,0.375,0.084,0.054,0.174,0.011,0.736,-0.623,0.22,0.132,0.153,6.47,0
270.0,-1.357,0.034,1.874,-1.469,-3.126,1.677,-4.926,-7.495,-1.278,-1.119,-1.778,-0.234,-1.836,-0.188,-2.595,-0.438,1.682,-0.13,-0.924,1.395,-4.135,0.864,0.153,0.669,1.108,-0.121,0.043,0.238,52.95,0
271.0,1.196,0.245,0.632,0.643,-0.413,-0.7,0.02,-0.113,-0.047,-0.123,0.372,0.794,0.674,0.2,1.212,-0.106,-0.051,-1.152,-0.603,-0.109,-0.204,-0.534,0.202,0.407,0.116,0.103,-0.009,0.02,0.89,0
271.0,-0.69,1.086,1.261,-0.387,0.024,-1.139,0.752,-0.027,-0.033,-0.56,-0.612,-0.987,-1.679,-0.132,0.649,0.673,-0.158,0.008,-0.719,-0.101,-0.23,-0.747,0.011,0.283,-0.45,-0.087,0.183,0.202,5.99,0
272.0,0.867,-1.102,0.609,0.827,-1.246,0.072,-0.509,0.087,-0.465,0.644,-0.852,-0.434,-0.769,0.08,0.601,-1.67,0.3,0.941,-1.484,-0.24,-0.243,-0.557,-0.11,0.026,0.264,-0.324,0.043,0.064,208.38,0
273.0,1.124,-0.133,0.588,0.805,-0.726,-0.522,-0.167,0.059,0.368,-0.002,1.015,0.597,-1.346,0.383,-0.792,-0.086,-0.076,-0.133,0.431,-0.14,-0.165,-0.447,0.018,0.549,0.347,0.24,-0.039,0.007,32.51,0
273.0,-0.793,0.274,2.612,1.213,-0.225,-0.595,-0.251,0.163,0.039,-0.402,-0.486,0.157,-0.009,-0.224,0.761,-0.227,0.003,0.219,0.377,0.145,0.136,0.381,-0.021,0.706,-0.234,-0.377,0.165,0.155,6.51,0
273.0,0.217,0.711,1.225,1.139,-0.376,-0.254,-0.035,-0.813,-0.26,-0.128,0.054,0.021,-0.627,0.606,1.569,-0.435,0.234,-0.534,-0.288,-0.214,0.773,-0.234,-0.045,0.369,0.675,-0.286,0.197,0.226,18.0,0
274.0,-0.586,0.49,0.564,-1.228,2.86,3.364,0.264,0.703,-0.649,-0.338,-0.088,-0.392,-0.096,0.135,1.14,0.417,-0.943,0.097,0.514,0.242,-0.295,-0.966,-0.208,0.99,0.258,0.114,-0.159,-0.159,1.98,0
275.0,-0.364,0.055,1.858,-1.085,-0.982,-0.473,0.211,0.023,-1.642,0.287,1.299,0.498,0.448,0.076,0.153,-1.035,-0.338,1.508,-0.441,-0.26,-0.408,-0.908,0.248,0.493,-0.525,0.34,0.011,0.061,70.33,0
278.0,-1.092,0.431,1.25,0.43,1.272,0.548,-0.121,0.453,-0.414,-0.31,1.119,0.583,0.371,-0.299,2.284,-1.281,1.538,-2.148,-1.068,-0.053,-0.079,0.073,0.126,-0.648,-1.049,0.207,0.412,0.189,2.69,0
279.0,-0.857,0.205,2.187,-0.046,0.473,-0.187,0.436,0.01,-0.182,-0.37,0.6,0.286,-0.803,-0.103,-0.835,-0.084,-0.353,0.105,0.929,0.175,-0.237,-0.612,-0.191,0.003,0.213,0.296,-0.175,-0.166,19.29,0
279.0,-0.365,1.104,1.29,0.07,0.043,-0.985,0.727,-0.081,-0.417,-0.519,-0.187,-0.005,0.259,-0.455,0.88,0.376,0.001,-0.153,-0.094,0.141,-0.257,-0.679,0.001,0.337,-0.153,0.071,0.244,0.099,8.99,0
280.0,0.879,-0.267,0.41,1.51,-0.488,0.377,-0.389,0.331,0.703,-0.574,1.112,0.6,-1.235,-1.028,-0.781,-0.082,0.98,0.385,-0.24,-0.002,0.025,0.111,-0.191,-0.059,0.504,-0.272,0.059,0.054,109.15,0
282.0,-0.356,0.725,1.972,0.831,0.37,-0.108,0.752,-0.12,-0.421,-0.06,-0.508,0.426,0.414,-0.698,-1.465,-0.119,-0.145,-1.332,-1.547,-0.134,0.021,0.424,-0.016,0.467,-0.81,0.657,-0.043,-0.046,0.0,0
282.0,0.058,1.55,-1.95,2.041,2.258,4.692,-2.304,-4.492,-2.013,0.109,-0.445,0.079,-0.419,1.643,0.915,0.379,-0.199,0.251,0.591,1.419,-2.477,0.804,0.284,0.993,-0.039,0.173,0.182,0.378,27.0,0
282.0,-0.426,1.041,1.064,-0.408,0.078,-0.811,0.621,-1.049,-0.417,-0.575,-0.466,0.663,0.974,-0.156,-0.254,-0.434,0.067,-0.721,0.415,-0.14,0.759,-0.107,-0.14,0.5,0.166,1.052,-0.024,0.008,2.0,0
282.0,-0.669,-0.169,1.302,0.371,0.951,-0.414,-0.149,0.127,0.463,-0.596,-1.779,0.444,0.893,-0.569,-0.752,0.23,-0.843,0.305,-0.519,0.06,0.297,0.891,0.013,-0.408,-0.678,-0.513,0.253,0.254,11.64,0
283.0,0.948,0.319,0.731,2.584,-0.206,-0.213,0.22,-0.062,-0.868,0.581,0.101,0.47,0.675,0.209,0.704,0.309,-0.282,-0.925,-1.521,0.035,0.039,-0.07,0.004,0.396,0.295,-0.076,-0.004,0.042,94.5,0
283.0,-0.53,0.767,1.759,-1.16,-0.501,-1.405,0.679,-0.243,0.521,-0.117,-0.0,-0.32,-0.886,-0.177,0.606,0.427,-0.568,-0.497,-0.983,0.138,-0.163,-0.219,0.017,0.934,-0.327,0.668,0.114,-0.091,2.31,0
284.0,1.141,0.082,0.504,1.487,-0.473,-0.411,-0.053,0.071,0.553,-0.07,-0.566,-0.363,-2.07,0.46,0.089,-0.73,0.489,-0.854,-0.478,-0.322,-0.102,-0.15,0.001,0.369,0.556,-0.327,0.028,0.015,7.89,0
284.0,-0.943,0.657,1.192,1.326,0.977,-0.833,0.239,0.163,-0.585,-0.79,-0.145,-1.445,-2.116,-0.617,1.967,-0.204,1.501,0.587,0.271,0.115,0.062,-0.016,-0.236,-0.083,0.357,-0.111,0.081,0.113,1.0,0
284.0,-0.765,1.34,1.209,0.006,-0.332,-0.919,0.434,0.309,-0.699,-0.568,-0.397,0.572,0.965,0.286,0.714,0.281,-0.275,-0.418,0.001,0.062,-0.171,-0.535,0.043,0.388,-0.137,0.07,0.143,0.061,11.99,0
284.0,-1.167,1.264,-0.11,-0.784,-1.473,-0.213,1.733,-0.883,-0.332,-0.833,-0.697,0.78,1.026,0.05,-0.748,0.031,-0.125,-0.736,-0.336,-0.369,0.771,0.105,0.128,0.51,-0.402,0.835,0.286,0.067,302.1,0
284.0,-0.811,0.654,2.217,0.104,-0.287,0.118,0.288,-0.736,0.699,-0.626,-0.768,-0.424,-1.683,-0.284,-0.395,-0.235,-0.12,-0.332,-1.54,-0.455,0.938,0.572,-0.102,0.364,-0.171,-0.472,0.059,-0.079,30.3,0
285.0,-0.932,1.528,0.819,0.057,-0.32,-1.055,0.359,0.354,-0.393,-0.433,-0.311,0.166,0.321,-0.211,0.857,0.48,0.16,-0.134,-0.128,0.143,-0.25,-0.714,0.045,0.334,-0.081,0.078,0.232,0.091,8.99,0
287.0,1.03,-0.295,-0.11,0.072,-0.318,-0.913,0.432,-0.303,-0.044,-0.23,-0.498,0.319,0.522,0.316,1.001,0.401,-0.457,-0.867,0.405,0.279,-0.458,-1.727,0.087,-0.109,-0.023,0.526,-0.12,0.031,160.0,0
288.0,-0.599,0.073,-0.114,-2.315,1.644,4.39,3.174,-1.032,0.673,0.893,0.387,-0.929,-0.215,-1.214,0.833,0.361,-1.778,-0.32,-0.004,-0.104,-0.589,-0.496,-0.277,1.07,-0.629,0.402,-1.347,-1.229,380.95,0
288.0,1.099,-1.222,-0.319,-1.723,-0.416,0.635,-0.418,0.06,0.084,-0.249,0.213,1.604,1.626,-0.229,-0.161,-2.202,-0.096,1.266,0.571,-0.123,-0.511,-1.006,-0.227,-1.335,0.563,-0.606,0.072,0.03,156.98,0
288.0,1.268,0.286,-0.147,1.048,0.672,0.657,0.138,-0.011,0.158,-0.166,-1.531,0.871,1.625,-0.319,-0.158,-0.386,-0.332,-0.707,0.15,-0.052,-0.178,-0.19,-0.252,-1.266,0.902,-0.231,0.048,0.005,6.54,0
289.0,-1.782,-0.326,2.282,-0.382,1.061,2.666,0.311,0.364,1.08,0.652,1.218,0.121,-0.953,-0.906,0.804,-0.971,0.21,-1.225,-0.726,0.179,-0.317,0.48,0.194,-1.867,0.146,0.491,0.248,-0.504,74.47,0
290.0,-0.696,0.582,2.378,0.063,0.329,-0.45,1.269,-0.758,0.382,0.117,-0.611,-0.482,-0.779,-0.75,-0.171,-0.651,-0.198,-0.562,0.501,0.067,-0.328,-0.37,-0.427,0.42,0.235,0.195,-0.708,-0.621,30.5,0
290.0,-5.166,-5.449,2.988,2.659,1.948,-0.854,-0.326,-1.017,1.984,1.055,-0.504,0.234,0.848,-2.385,0.326,-0.936,0.192,-0.227,2.863,-2.539,-1.297,1.172,3.15,0.574,1.018,0.987,0.658,-1.61,85.0,0
290.0,-0.487,0.506,0.881,0.973,0.823,0.288,0.725,0.021,-0.268,-0.367,-2.166,-0.446,-0.016,-0.039,-0.09,-0.385,-0.261,0.243,1.329,0.221,-0.052,-0.13,-0.177,-1.004,0.169,-0.234,0.129,0.139,67.36,0
290.0,1.355,-1.319,0.166,-1.575,-1.279,-0.183,-0.986,-0.013,-1.981,1.558,0.483,-0.63,0.149,-0.058,0.078,0.2,-0.051,0.596,0.422,-0.139,-0.409,-1.091,0.026,-0.573,0.152,-0.454,0.011,0.024,101.0,0
292.0,-0.402,1.015,1.302,-0.042,0.056,-0.683,0.561,0.106,-0.571,-0.326,1.392,0.321,-0.51,-0.123,0.254,0.605,-0.212,0.425,0.203,0.099,-0.216,-0.623,-0.014,0.263,-0.207,0.056,0.237,0.087,4.45,0
292.0,1.252,-0.127,0.28,0.579,-0.374,-0.215,-0.193,0.011,0.77,-0.197,-1.578,-0.378,-0.989,0.053,0.055,0.119,-0.229,-0.337,0.572,-0.122,-0.36,-0.96,-0.024,-0.462,0.382,0.341,-0.035,0.008,23.88,0
293.0,1.123,-0.17,0.899,1.572,-0.727,0.227,-0.523,0.285,1.174,-0.195,-1.192,-0.395,-2.214,0.005,-0.486,-0.727,0.554,-0.645,-0.242,-0.335,-0.11,-0.032,-0.044,0.042,0.547,-0.251,0.061,0.018,5.0,0
294.0,-1.097,1.246,0.465,-0.178,0.249,-0.725,1.198,-0.359,-0.153,0.384,-0.823,-0.073,0.45,0.002,0.581,-0.019,-0.543,-0.239,0.195,0.032,-0.05,0.115,-0.189,-0.067,-0.161,0.275,0.118,0.272,73.0,0
294.0,-0.745,0.446,1.714,-0.147,-0.244,-0.963,0.567,-0.045,0.274,-0.687,-0.789,-0.214,-1.215,-0.057,-0.7,-0.096,-0.08,-0.625,-0.376,-0.221,-0.149,-0.441,0.089,0.708,-0.571,0.037,-0.042,0.182,33.33,0
297.0,1.168,0.284,0.428,1.382,-0.058,-0.157,0.133,-0.071,0.142,-0.153,-0.368,1.054,0.854,-0.131,-0.202,-0.77,0.207,-1.099,-0.374,-0.13,-0.091,0.025,-0.072,0.122,0.697,-0.316,0.047,0.018,6.86,0
297.0,1.171,0.111,0.359,0.211,-0.561,-1.409,0.355,-0.353,-0.118,-0.227,0.309,0.85,0.796,0.269,0.902,0.073,-0.194,-1.161,0.121,0.059,-0.455,-1.452,0.266,0.716,-0.033,0.285,-0.081,0.025,54.75,0
297.0,-1.148,0.368,2.77,-0.357,-0.268,0.323,-0.109,0.453,0.167,-0.752,1.034,0.563,-0.97,-0.203,-0.749,0.177,-0.251,-0.078,-0.665,-0.166,0.063,0.168,-0.195,0.229,0.108,0.222,-0.109,0.09,6.2,0
297.0,1.146,0.004,0.772,0.917,-0.569,-0.282,-0.162,-0.025,0.479,-0.291,-0.119,1.136,0.735,-0.33,-0.246,-0.765,0.427,-1.23,-0.302,-0.098,-0.046,0.174,-0.015,0.481,0.461,0.417,0.008,0.015,12.31,0
298.0,1.218,0.078,0.534,0.844,-0.536,-0.702,0.007,-0.153,0.422,-0.205,-0.615,0.621,0.239,-0.122,-0.24,-0.295,0.017,-0.746,0.214,-0.088,-0.225,-0.467,0.004,0.438,0.461,0.267,-0.022,0.015,13.99,0
298.0,1.331,-0.716,-0.006,-0.528,-0.88,-0.676,-0.462,-0.043,-0.439,0.589,-0.636,-1.546,-2.16,0.262,0.258,0.335,1.024,-1.845,0.462,-0.073,0.169,0.416,-0.132,0.068,0.634,-0.031,-0.012,0.0,36.0,0
300.0,0.007,1.24,0.417,0.53,0.942,-0.56,1.503,-0.752,0.013,1.619,1.238,0.446,0.156,-0.153,0.076,-0.571,-0.861,0.33,0.745,0.557,-0.047,0.721,-0.142,0.02,-0.666,-0.49,0.158,-0.332,1.91,0
302.0,1.074,-0.17,0.791,1.129,-0.586,0.071,-0.415,0.058,0.503,-0.037,-1.178,-0.026,0.451,-0.09,1.464,0.925,-1.017,0.606,-0.415,0.087,0.1,0.148,-0.185,-0.461,0.424,-0.318,0.046,0.047,90.0,0
302.0,-0.986,1.733,0.858,0.179,-0.794,-0.088,-1.267,-4.922,0.01,-0.003,0.072,0.947,0.474,0.362,0.797,0.238,0.037,-0.606,-0.418,-0.991,4.333,-2.331,0.568,0.639,0.868,0.181,0.226,0.179,9.99,0
303.0,1.254,1.218,-2.149,1.156,1.814,-0.238,0.624,-0.06,-0.739,-1.448,1.662,0.273,0.801,-3.395,0.634,1.299,2.195,1.725,-0.4,0.042,-0.21,-0.464,-0.371,-1.645,0.963,-0.201,0.056,0.072,2.95,0
303.0,1.031,-0.168,0.777,1.072,-0.337,0.557,-0.446,0.157,0.395,-0.101,-0.838,0.427,1.123,-0.199,1.64,0.601,-0.778,0.072,-0.778,0.099,0.136,0.319,-0.164,-0.753,0.374,-0.291,0.067,0.045,90.0,0
304.0,1.05,0.066,0.059,0.285,0.636,1.473,-0.377,0.579,-0.182,-0.297,2.247,1.048,-0.137,0.062,1.536,-0.481,0.841,-1.607,-1.332,-0.212,-0.141,-0.305,0.206,-1.398,-0.093,0.227,0.042,0.002,1.98,0
305.0,0.44,-0.95,-0.113,2.573,0.15,1.545,0.214,0.278,-0.374,0.478,-0.328,0.387,-0.173,0.092,-1.173,0.45,-0.58,0.069,-0.3,0.594,0.136,-0.275,-0.555,-1.278,0.554,0.133,-0.053,0.058,379.63,0
307.0,-2.658,-3.015,2.272,-1.218,1.547,-1.682,-1.525,0.088,-0.761,0.621,0.672,0.045,0.019,-0.296,0.135,-0.394,-0.98,1.979,-1.147,-0.017,-0.213,-0.588,0.321,-0.013,-0.234,0.742,-0.505,0.394,52.9,0
307.0,1.169,-0.032,1.012,1.354,-0.876,-0.321,-0.443,0.053,0.868,-0.155,-0.926,0.133,-0.561,-0.167,0.116,-0.07,-0.157,0.067,-0.229,-0.174,0.084,0.452,-0.134,0.408,0.633,-0.214,0.056,0.029,9.97,0
308.0,1.104,-0.379,0.699,0.174,-0.918,-0.418,-0.394,0.062,0.436,-0.084,1.11,0.808,-0.417,0.142,-0.181,0.353,-0.362,0.109,0.396,0.021,0.008,-0.016,-0.051,0.399,0.202,0.992,-0.074,0.007,60.0,0
309.0,1.24,0.603,-0.258,1.32,-0.051,-1.217,0.235,-0.193,0.056,-0.539,-0.118,-0.539,-0.937,-0.872,1.159,0.548,0.723,0.579,-0.575,-0.164,-0.063,-0.154,-0.109,0.247,0.661,-0.324,0.026,0.049,1.0,0
309.0,1.031,-0.089,0.421,0.621,0.33,1.352,-0.288,0.412,0.313,-0.414,0.441,1.314,0.767,-0.122,0.784,-1.587,1.184,-2.762,-1.339,-0.184,-0.098,0.077,0.123,-0.899,0.167,0.394,0.053,0.001,14.6,0
310.0,-1.236,-0.687,2.093,0.601,0.782,-1.167,-0.675,0.233,0.501,-0.565,-1.05,0.092,-0.198,-0.278,-0.043,0.357,-0.654,0.382,-0.975,0.13,0.379,0.841,0.15,0.392,-0.542,-0.532,0.186,0.23,7.8,0
310.0,-1.013,0.512,0.837,0.408,2.079,4.693,-0.294,0.898,0.919,0.322,-1.05,0.186,-0.422,-1.029,-1.321,-1.141,0.253,-0.218,2.059,0.208,-0.471,-0.88,-0.148,1.003,0.118,-0.461,-0.272,0.012,22.09,0
310.0,-0.729,-0.021,1.415,1.234,-0.24,0.482,1.316,-0.011,-0.361,-0.131,1.064,0.069,-1.637,0.331,-0.498,-0.938,0.296,-0.052,0.62,0.44,0.154,0.339,0.372,0.172,-0.231,-0.363,-0.067,-0.067,222.5,0
311.0,1.09,-0.27,1.236,0.702,-0.856,0.485,-0.804,0.359,0.674,-0.115,1.179,1.192,-0.103,-0.173,-0.244,0.069,-0.144,-0.184,-0.109,-0.119,-0.011,0.152,0.046,0.053,0.149,0.329,0.029,0.014,11.5,0
311.0,1.182,-0.148,1.249,0.862,-1.077,-0.3,-0.615,0.065,0.907,-0.245,-0.706,0.523,0.199,-0.438,0.183,0.155,-0.183,-0.255,-0.042,-0.091,-0.09,-0.057,0.03,0.438,0.26,0.316,0.018,0.028,8.58,0
312.0,-0.719,-0.124,1.979,0.503,-0.732,0.395,0.28,0.118,-1.446,0.267,-0.726,-0.115,0.57,-0.264,0.618,-2.115,0.488,1.054,-0.602,-0.058,-0.17,-0.126,0.203,0.041,-0.027,-0.232,0.135,0.133,140.6,0
312.0,0.231,-2.0,0.555,0.601,-1.551,0.242,-0.133,0.106,1.249,-0.702,-0.683,0.316,-0.645,-0.281,0.085,-0.317,0.477,-0.905,-0.043,0.834,0.08,-0.61,-0.309,0.167,-0.138,0.922,-0.113,0.094,493.44,0
312.0,-0.988,0.476,1.673,1.178,0.73,-0.403,0.308,0.255,-1.046,0.155,1.794,0.702,-0.319,0.685,0.877,-0.447,0.096,-0.395,0.796,0.393,-0.319,-1.132,0.234,0.14,0.073,-0.638,0.232,0.063,33.26,0
313.0,-0.907,1.104,1.288,1.244,-0.068,0.214,0.324,0.436,-0.437,0.179,1.122,0.703,-0.758,0.399,-0.436,-1.026,0.539,-0.183,0.949,0.028,0.023,0.4,-0.049,0.22,-0.163,-0.287,0.015,-0.105,15.08,0
313.0,-1.038,0.756,0.72,0.988,-0.237,-0.379,0.414,0.437,-0.448,-0.347,-0.786,-0.999,-1.968,1.05,1.489,-0.373,0.35,-0.036,0.11,-0.344,0.19,0.478,0.298,0.029,-0.3,-0.294,-0.01,0.039,68.0,0
315.0,-0.404,0.503,1.057,0.742,0.538,-0.003,0.458,0.22,0.172,-0.421,-1.606,-1.16,-2.446,0.436,-0.107,-0.599,0.204,-0.331,-0.022,-0.233,-0.002,0.049,-0.076,-0.488,-0.395,-0.415,0.183,0.169,11.46,0
315.0,-1.015,0.445,2.259,0.337,-0.492,-0.65,0.542,-0.202,0.492,0.013,-0.172,0.718,0.856,-0.891,-0.241,-0.435,-0.084,-0.326,-0.144,0.399,0.091,0.829,-0.106,1.006,-0.099,0.397,0.308,0.099,69.99,0
317.0,1.384,-0.729,0.562,-0.902,-0.832,0.299,-1.087,0.112,-0.392,0.551,-0.9,-0.672,0.834,-0.55,1.397,1.452,-0.038,-1.031,0.224,0.13,0.355,1.02,-0.204,-0.844,0.493,0.039,0.054,0.015,19.99,0
317.0,-0.378,0.532,1.498,-1.451,0.245,-0.649,0.849,-0.16,-0.194,-0.484,0.811,-0.157,-1.177,0.277,-0.153,0.72,-1.029,0.294,-0.195,-0.088,-0.037,-0.084,-0.185,0.033,-0.396,0.723,-0.166,-0.124,7.69,0
318.0,1.491,-0.246,-0.386,-0.781,-0.34,-1.111,-0.004,-0.411,-1.203,0.672,-0.578,-0.481,0.769,-0.028,0.396,0.845,0.195,-1.509,0.82,0.109,0.162,0.441,-0.23,-0.057,0.88,-0.055,-0.025,-0.003,10.0,0
322.0,1.202,0.108,0.592,0.566,-0.642,-0.817,-0.127,0.004,-0.026,0.142,1.438,0.414,-1.143,0.714,0.463,0.502,-0.523,0.05,0.103,-0.175,-0.208,-0.704,0.165,0.494,0.115,0.069,-0.041,0.008,1.79,0
322.0,1.187,0.009,1.094,1.221,-0.677,0.095,-0.518,0.078,0.811,-0.223,-1.106,0.72,0.876,-0.539,0.131,0.187,-0.472,0.007,-0.029,-0.069,-0.086,-0.002,-0.076,-0.096,0.506,-0.38,0.077,0.035,9.99,0
322.0,1.066,0.038,0.169,0.991,-0.354,-0.144,-0.293,0.221,0.45,-0.631,1.563,0.548,-1.24,-1.138,-0.594,-0.006,1.291,0.132,-0.162,-0.126,-0.088,-0.098,-0.057,0.139,0.379,0.412,0.005,0.033,29.56,0
323.0,-0.704,0.341,1.74,-1.662,0.872,-0.007,0.923,-0.576,0.448,0.264,0.302,-0.59,-0.979,-0.415,0.228,0.864,-1.561,0.57,0.263,0.018,-0.207,-0.321,-0.335,-0.813,-0.265,0.689,-0.904,-0.58,0.77,0
323.0,-0.851,0.696,2.072,0.928,-0.032,0.649,0.151,0.44,-0.564,0.058,0.977,-0.109,-0.924,0.459,1.325,0.005,-0.235,0.783,0.59,0.301,0.212,0.592,-0.211,-0.342,0.282,-0.067,0.339,0.138,52.0,0
324.0,-0.622,0.657,1.094,0.055,0.746,-0.974,0.387,-0.01,-0.352,-0.473,-0.66,-0.107,0.438,-0.483,0.927,0.518,-0.19,0.023,0.114,0.261,-0.26,-0.799,0.0,-0.2,-0.062,0.105,0.23,0.102,0.89,0
325.0,1.409,-0.384,0.256,-0.703,-0.764,-0.732,-0.351,-0.286,-1.032,0.629,-0.668,0.479,1.89,-0.237,0.845,-1.101,-0.339,0.838,-0.585,-0.344,-0.498,-0.919,0.056,-0.067,0.208,0.93,-0.048,0.011,17.24,0
327.0,1.163,0.269,0.163,0.943,-0.003,-0.422,0.213,-0.126,-0.397,0.142,1.169,1.256,0.89,0.392,0.147,0.302,-0.847,0.345,0.026,0.002,0.088,0.237,-0.191,0.042,0.72,-0.332,0.009,0.014,36.71,0
328.0,-4.236,-4.46,1.382,1.117,6.044,-3.498,-2.741,0.372,-0.214,-0.242,-1.682,0.605,1.703,0.075,0.565,0.515,-1.185,0.382,-0.28,1.394,0.397,-0.433,0.613,-1.016,0.63,-0.498,-0.095,0.208,2.5,0
330.0,-0.387,0.953,1.852,1.623,-0.603,0.205,0.439,-0.313,0.359,0.585,-0.453,0.748,1.511,-0.926,0.644,-0.975,0.188,0.119,1.456,0.299,0.141,0.997,-0.206,0.481,-0.224,-0.106,-0.104,-0.071,55.76,0
330.0,1.208,-0.007,0.361,0.779,-0.405,-0.504,0.009,-0.124,0.479,-0.206,-0.975,0.382,0.075,-0.094,-0.187,-0.177,-0.1,-0.598,0.345,-0.054,-0.24,-0.56,-0.055,0.06,0.494,0.289,-0.027,0.014,32.38,0
331.0,1.22,0.33,0.518,0.823,-0.681,-1.391,0.058,-0.205,0.082,-0.266,0.313,0.109,-0.435,-0.143,1.117,0.35,0.22,-0.403,-0.395,-0.136,-0.26,-0.778,0.203,0.862,0.126,0.063,-0.026,0.035,0.89,0
332.0,1.084,0.128,1.39,2.533,-0.637,0.651,-0.685,0.357,-0.053,0.672,0.363,0.483,-0.481,-0.137,-0.924,0.938,-0.758,0.466,-0.428,-0.151,-0.055,-0.089,-0.012,-0.026,0.291,-0.039,0.033,0.023,11.34,0
333.0,-2.977,0.782,2.882,-1.628,-1.368,1.657,-1.185,-5.394,1.719,2.373,0.711,0.99,-0.109,-2.462,-2.821,-2.151,0.187,1.039,-0.478,-0.879,3.656,-1.929,0.191,0.533,0.297,0.89,-0.123,-0.544,75.0,0
333.0,-1.686,-1.509,1.258,-0.115,0.749,-0.82,0.12,0.216,0.016,-0.651,0.438,0.569,-0.355,0.083,-0.997,0.623,-0.898,0.531,-0.42,0.648,0.368,0.307,0.686,-0.004,-0.545,0.172,0.011,0.214,216.0,0
335.0,-0.78,1.396,1.781,-0.187,0.954,-0.511,1.419,-0.943,0.412,0.221,0.132,-0.543,0.811,-2.916,1.285,0.541,0.244,0.716,-0.175,0.65,-0.304,-0.06,-0.547,-0.216,0.325,0.291,-0.53,-0.669,1.03,0
335.0,1.296,1.012,-3.192,0.471,3.35,2.433,0.19,0.622,-0.557,-1.487,1.022,-0.735,-0.334,-3.207,1.276,1.37,2.216,1.798,-0.465,0.086,-0.263,-0.825,-0.245,0.675,1.011,-0.279,0.041,0.091,4.8,0
336.0,-0.895,0.562,2.818,-0.719,0.223,0.796,0.465,-0.002,0.388,-0.195,1.025,1.004,0.576,-0.997,-0.788,0.083,-0.717,-0.177,-0.439,0.216,-0.117,0.221,-0.38,-0.246,0.203,0.321,-0.174,-0.332,7.72,0
339.0,0.503,0.93,-0.858,2.043,-1.506,-1.0,-1.991,0.461,-1.124,-1.975,2.946,-2.15,-0.646,-2.239,0.292,-2.213,-5.4,-1.445,0.368,0.167,0.38,-0.062,-0.012,0.48,0.532,-0.441,0.461,0.22,2.0,0
339.0,1.203,-1.465,0.703,-1.463,-1.463,0.495,-1.369,0.237,-1.938,1.455,1.711,0.189,0.906,-0.31,0.609,-0.554,0.665,-0.14,-0.907,-0.171,0.104,0.576,-0.034,-0.279,0.146,-0.072,0.068,0.026,98.0,0
340.0,1.27,-0.608,0.373,0.234,-0.721,0.396,-0.842,0.216,-0.734,1.037,-0.272,-0.622,-0.968,0.396,0.621,-0.436,-0.945,2.606,-0.66,-0.498,-0.263,-0.439,-0.159,-0.922,0.449,-0.243,0.047,0.019,47.0,0
340.0,1.195,0.195,0.618,0.65,-0.475,-0.716,-0.027,-0.073,0.057,-0.103,0.254,0.428,-0.015,0.337,1.287,-0.073,-0.011,-1.067,-0.598,-0.153,-0.212,-0.59,0.21,0.388,0.093,0.105,-0.014,0.018,0.99,0
341.0,-0.269,-0.233,1.025,-2.129,1.566,3.863,-0.732,0.808,-1.23,0.484,-0.067,-1.268,0.283,-0.583,1.554,1.338,-0.247,-0.178,1.49,0.508,0.344,0.922,-0.411,1.053,0.399,0.071,-0.07,-0.149,22.0,0
341.0,1.022,0.111,0.449,1.041,-0.214,-0.231,0.103,0.038,-0.319,0.076,1.805,1.256,0.173,0.559,0.444,-0.033,-0.348,-0.377,-0.444,-0.033,-0.044,-0.235,0.033,0.198,0.331,-0.559,0.023,0.025,62.63,0
342.0,0.78,-0.416,0.088,1.348,-0.066,0.414,0.247,0.073,-0.052,-0.06,0.965,1.411,0.426,0.176,-0.807,-0.432,-0.132,-0.404,-0.019,0.252,0.049,-0.059,-0.288,-0.263,0.626,-0.332,0.003,0.037,197.63,0
343.0,1.005,0.424,0.58,2.477,-0.124,-0.364,0.298,-0.104,-1.231,0.812,1.494,1.159,0.886,0.365,-0.376,0.692,-0.823,0.033,-0.822,0.058,0.129,0.195,-0.12,0.558,0.517,-0.004,-0.028,0.026,75.83,0
344.0,-3.496,-4.088,2.025,-0.74,1.128,-1.232,-0.087,0.158,1.678,-1.947,-0.742,0.468,-0.679,-0.447,0.122,-1.075,0.221,-0.228,-0.027,1.634,0.362,-0.173,1.28,0.013,0.761,-0.828,-0.299,-0.062,456.71,0
346.0,1.508,-1.093,0.36,-1.771,-0.914,0.679,-1.38,0.148,-1.97,1.519,0.578,0.157,1.954,-0.597,0.336,0.034,-0.095,0.577,-0.078,-0.234,-0.047,0.361,-0.138,-1.122,0.438,-0.022,0.073,0.003,6.0,0
346.0,-0.928,0.672,1.925,0.274,1.041,0.137,0.361,0.143,-0.682,-0.651,-0.79,0.43,1.441,-0.131,1.209,0.118,-0.576,-0.332,-0.163,0.164,-0.115,-0.424,-0.195,-0.784,0.31,-0.513,0.085,0.082,5.0,0
346.0,1.077,0.285,0.008,1.657,0.052,0.446,-0.407,0.356,0.626,-0.929,1.094,0.58,-0.862,-2.224,-1.11,0.172,1.724,0.698,-0.154,-0.143,-0.174,-0.174,-0.153,-0.466,0.611,-0.253,0.09,0.055,10.99,0
347.0,-1.531,1.4,-0.587,2.175,-2.138,-0.502,-1.215,0.957,-1.867,-2.311,2.77,-2.361,-0.529,-2.003,0.62,-2.489,-4.888,-1.07,1.336,0.806,0.558,0.085,0.403,0.454,0.203,-0.313,0.527,0.203,204.03,0
348.0,-0.344,0.54,1.025,-0.372,1.037,1.262,0.473,0.227,0.248,-0.086,-0.611,-0.042,-0.575,-0.273,-0.883,-0.151,-0.575,0.274,0.918,0.141,-0.112,0.17,-0.415,-1.66,-0.055,0.455,0.202,-0.054,3.99,0
351.0,1.205,0.008,0.954,1.141,-0.491,0.297,-0.504,0.085,0.796,-0.232,-1.368,0.742,1.187,-0.609,0.129,0.275,-0.61,0.088,0.096,-0.036,-0.104,-0.046,-0.124,-0.43,0.559,-0.36,0.077,0.032,12.99,0
352.0,-0.703,1.211,0.714,1.146,0.197,0.468,0.205,0.627,-0.296,-0.309,-1.646,-0.352,-0.683,0.43,0.32,-0.819,0.536,-0.277,1.038,0.016,-0.053,0.044,-0.185,-0.776,0.022,-0.166,0.298,0.128,13.99,0
352.0,-1.046,0.72,1.603,0.608,0.461,-1.423,0.266,-0.141,-0.517,-0.201,0.218,0.256,0.589,-0.458,1.242,-0.026,0.357,-0.225,0.525,0.122,-0.231,-0.53,-0.106,0.705,-0.35,0.146,0.29,0.16,2.67,0
353.0,1.136,0.084,0.27,1.21,0.005,0.318,-0.083,0.191,0.158,0.063,0.751,0.743,-0.847,0.381,-0.694,-0.398,-0.067,-0.29,0.049,-0.204,-0.077,-0.063,-0.111,-0.306,0.652,-0.308,0.03,0.002,12.87,0
353.0,0.151,-3.002,0.824,0.232,-2.621,0.129,-0.755,0.096,0.638,0.096,-1.221,-0.993,-1.332,-0.754,-0.566,0.934,0.806,-0.95,0.641,1.18,0.522,0.32,-0.591,0.448,0.164,-0.132,-0.048,0.13,611.76,0
354.0,-1.088,1.197,1.294,-1.176,-0.86,-1.476,0.308,0.196,0.543,-0.032,-0.125,-0.15,-0.825,0.069,0.581,0.527,-0.408,-0.475,-1.018,0.158,-0.15,-0.252,0.083,0.929,-0.252,0.675,0.094,-0.093,2.31,0
354.0,-0.687,0.79,2.242,2.406,0.36,0.279,0.104,0.399,-1.519,0.601,1.39,-0.192,-1.279,0.68,0.69,0.276,-0.089,-0.066,0.08,0.057,-0.146,-0.702,0.088,0.138,-0.13,-0.141,-0.011,-0.006,11.38,0
354.0,1.136,-0.174,0.731,0.712,-0.854,-0.495,-0.297,0.111,0.49,-0.02,0.996,0.476,-1.593,0.379,-0.684,0.027,-0.082,-0.14,0.471,-0.167,-0.244,-0.683,0.097,0.519,0.201,0.26,-0.04,0.007,23.88,0
355.0,0.019,0.472,0.868,-1.239,0.548,-0.503,0.809,-0.248,0.131,-0.485,-0.702,-0.213,-0.049,-0.065,0.659,0.169,-0.621,-0.691,-0.697,-0.107,0.021,0.265,0.067,-0.382,-1.305,0.646,-0.014,-0.012,2.61,0
355.0,1.086,0.127,0.499,1.334,-0.199,0.033,-0.016,0.116,0.016,0.039,1.344,1.286,-0.25,0.277,-0.808,-0.584,0.087,-0.547,-0.158,-0.163,-0.03,0.088,-0.059,0.246,0.602,-0.344,0.034,0.01,19.64,0
356.0,-1.244,1.106,2.871,3.015,-0.814,0.992,-0.337,0.455,-0.206,1.216,0.572,0.288,-0.702,-0.558,-0.962,-0.411,0.368,0.693,1.317,0.307,0.15,0.839,-0.309,0.576,0.305,0.49,0.206,0.255,20.48,0
356.0,1.021,0.155,-0.312,0.961,0.549,0.122,0.525,-0.054,-0.687,0.113,1.159,1.306,0.911,0.582,0.186,0.022,-0.609,-0.502,0.002,0.114,-0.225,-0.851,-0.078,-0.68,0.484,-0.606,-0.005,0.019,105.87,0
356.0,1.586,-1.169,-1.35,-2.505,1.106,3.135,-1.352,0.691,-2.091,1.523,-0.246,-1.062,0.466,-0.092,0.685,-0.191,0.045,0.393,0.129,-0.203,-0.2,-0.325,-0.071,0.997,0.681,-0.1,0.022,0.009,15.0,0
357.0,-0.712,1.547,1.8,2.489,0.45,1.074,0.309,0.451,-1.56,1.231,1.738,0.568,0.247,0.402,1.077,-0.41,0.269,-0.562,0.385,0.357,-0.115,-0.137,0.053,-0.328,-0.531,0.006,0.516,0.25,0.75,0
358.0,1.106,0.399,0.86,2.389,-0.366,-0.193,-0.122,0.151,-0.733,0.861,0.982,-0.08,-1.418,0.724,0.049,1.101,-0.839,0.186,-0.621,-0.2,-0.253,-0.953,0.182,0.222,0.084,-0.342,-0.017,0.021,17.43,0
358.0,-0.425,0.554,1.374,-0.447,0.288,-1.083,0.969,-0.347,-0.11,-0.259,-0.328,0.315,0.756,-0.301,0.281,0.312,-0.814,-0.384,-0.823,0.24,-0.023,0.104,0.025,0.425,-0.228,0.182,0.077,-0.099,41.64,0
359.0,1.262,0.256,0.513,0.619,-0.472,-0.989,0.065,-0.209,0.036,-0.067,-0.209,0.401,0.378,0.227,1.025,0.301,-0.428,-0.549,-0.118,-0.09,-0.257,-0.74,0.136,0.376,0.22,0.095,-0.029,0.019,1.29,0
360.0,1.295,0.297,0.069,0.573,-0.166,-0.781,0.031,-0.133,0.166,-0.263,-0.655,-0.281,-0.316,-0.193,1.203,0.665,-0.164,-0.046,0.009,-0.106,-0.331,-0.981,0.071,-0.211,0.267,0.13,-0.028,0.024,0.89,0
362.0,-0.693,0.292,1.575,-1.219,-0.302,0.671,0.333,0.154,1.199,-1.474,-1.39,-0.022,-0.243,-0.273,1.329,-1.16,0.281,0.32,1.589,0.023,0.128,0.679,-0.516,-0.87,0.644,-0.297,0.064,0.043,79.0,0
363.0,-1.029,0.911,1.915,2.469,-0.008,0.598,0.252,-0.332,-0.096,1.349,-1.126,-0.056,1.142,-0.985,0.41,0.292,-0.648,0.337,0.243,-0.186,0.205,0.949,-0.015,-0.065,-0.882,0.022,-0.673,0.086,37.92,0
365.0,-0.457,0.542,1.331,0.559,0.184,0.613,0.633,0.152,-0.202,-0.511,-1.364,-0.432,-0.477,0.006,0.519,-0.784,0.425,-0.491,1.319,0.194,-0.134,-0.316,-0.072,-0.75,-0.04,0.472,0.076,0.1,74.22,0
365.0,-1.209,0.949,-0.43,-2.64,2.601,3.057,0.473,0.281,0.853,1.024,0.025,-0.386,-0.162,-0.559,0.714,0.554,-1.394,-0.124,-0.369,0.41,-0.215,-0.45,-0.089,1.03,-0.049,0.672,-0.612,-0.224,0.68,0
366.0,-1.186,-0.387,1.623,1.636,1.103,-0.683,-0.303,0.286,-0.056,-0.174,-0.989,-0.886,-2.201,0.512,0.513,-1.145,0.788,-0.384,0.801,0.178,0.069,-0.007,0.041,0.041,0.009,-0.201,0.107,0.14,9.99,0
366.0,1.02,-0.639,0.942,0.121,-0.996,0.178,-0.59,0.154,0.836,-0.348,0.75,1.588,0.768,-0.519,-1.056,0.146,-0.269,-0.117,0.845,0.177,-0.141,-0.342,-0.061,0.117,0.145,0.933,-0.05,0.018,97.47,0
367.0,1.256,0.255,0.278,0.707,-0.496,-1.107,-0.008,-0.125,0.244,-0.241,-0.304,-0.507,-1.169,-0.01,1.247,0.544,0.074,-0.128,-0.189,-0.171,-0.304,-0.944,0.147,0.307,0.169,0.099,-0.032,0.028,1.29,0
368.0,1.239,0.103,0.372,0.44,-0.37,-0.509,-0.129,0.031,-0.011,0.139,0.986,0.312,-0.912,0.655,0.487,0.651,-0.724,0.207,0.302,-0.148,-0.241,-0.791,0.098,-0.035,0.19,0.101,-0.041,0.003,1.98,0
